,date,name,region_id,value
0,2020-04-19,one_day,at-vienna,4
1,2020-04-19,one_day,au-melbourne,15
2,2020-04-19,one_day,au-sydney,15
3,2020-04-19,one_day,be-brussels,7
4,2020-04-19,one_day,br-saopaulo,14
5,2020-04-19,one_day,ca-montreal,7
6,2020-04-19,one_day,ca-toronto,14
7,2020-04-19,one_day,ca-vancouver,14
8,2020-04-19,one_day,de-berlin,14
9,2020-04-19,one_day,de-hamburg,13
10,2020-04-19,one_day,de-rhineruhr,15
11,2020-04-19,one_day,dk-copenhagen,9
12,2020-04-19,one_day,es-barcelona,2
13,2020-04-19,one_day,es-madrid,4
14,2020-04-19,one_day,fr-lyon,4
15,2020-04-19,one_day,fr-paris,5
16,2020-04-19,one_day,hk-hongkong,41
17,2020-04-19,one_day,it-milan,3
18,2020-04-19,one_day,it-rome,4
19,2020-04-19,one_day,jp-tokyo,10
20,2020-04-19,one_day,kr-seoul,30
21,2020-04-19,one_day,mc-monaco,0
22,2020-04-19,one_day,mx-df,9
23,2020-04-19,one_day,nl-randstad,6
24,2020-04-19,one_day,pt-lisbon,10
25,2020-04-19,one_day,ru-moscow,13
26,2020-04-19,one_day,ru-stpetersburg,25
27,2020-04-19,one_day,se-stockholm,27
28,2020-04-19,one_day,sg-singapore,14
29,2020-04-19,one_day,tr-istanbul,5
30,2020-04-19,one_day,uk-birmingham,12
31,2020-04-19,one_day,uk-london,9
32,2020-04-19,one_day,uk-manchester,10
33,2020-04-19,one_day,us-boston,8
34,2020-04-19,one_day,us-chicago,8
35,2020-04-19,one_day,us-dc,5
36,2020-04-19,one_day,us-la,7
37,2020-04-19,one_day,us-nyc,5
38,2020-04-19,one_day,us-philadelphia,9
39,2020-04-19,one_day,us-seattle,9
40,2020-04-19,one_day,us-sf,6
41,2020-04-18,one_day,at-vienna,7
42,2020-04-18,one_day,au-melbourne,13
43,2020-04-18,one_day,au-sydney,16
44,2020-04-18,one_day,be-brussels,6
45,2020-04-18,one_day,br-saopaulo,11
46,2020-04-18,one_day,ca-montreal,12
47,2020-04-18,one_day,ca-toronto,18
48,2020-04-18,one_day,ca-vancouver,17
49,2020-04-18,one_day,de-berlin,13
50,2020-04-18,one_day,de-hamburg,13
51,2020-04-18,one_day,de-rhineruhr,11
52,2020-04-18,one_day,dk-copenhagen,12
53,2020-04-18,one_day,es-barcelona,3
54,2020-04-18,one_day,es-madrid,3
55,2020-04-18,one_day,fr-lyon,4
56,2020-04-18,one_day,fr-paris,5
57,2020-04-18,one_day,hk-hongkong,41
58,2020-04-18,one_day,it-milan,3
59,2020-04-18,one_day,it-rome,5
60,2020-04-18,one_day,jp-tokyo,3
61,2020-04-18,one_day,kr-seoul,42
62,2020-04-18,one_day,mc-monaco,1
63,2020-04-18,one_day,mx-df,10
64,2020-04-18,one_day,nl-randstad,5
65,2020-04-18,one_day,pt-lisbon,11
66,2020-04-18,one_day,ru-moscow,11
67,2020-04-18,one_day,ru-stpetersburg,19
68,2020-04-18,one_day,se-stockholm,28
69,2020-04-18,one_day,sg-singapore,13
70,2020-04-18,one_day,tr-istanbul,4
71,2020-04-18,one_day,uk-birmingham,11
72,2020-04-18,one_day,uk-london,7
73,2020-04-18,one_day,uk-manchester,8
74,2020-04-18,one_day,us-boston,4
75,2020-04-18,one_day,us-chicago,7
76,2020-04-18,one_day,us-dc,4
77,2020-04-18,one_day,us-la,9
78,2020-04-18,one_day,us-nyc,4
79,2020-04-18,one_day,us-philadelphia,10
80,2020-04-18,one_day,us-seattle,7
81,2020-04-18,one_day,us-sf,4
82,2020-04-17,one_day,at-vienna,7
83,2020-04-17,one_day,au-melbourne,13
84,2020-04-17,one_day,au-sydney,14
85,2020-04-17,one_day,be-brussels,7
86,2020-04-17,one_day,br-saopaulo,12
87,2020-04-17,one_day,ca-montreal,10
88,2020-04-17,one_day,ca-toronto,13
89,2020-04-17,one_day,ca-vancouver,13
90,2020-04-17,one_day,de-berlin,13
91,2020-04-17,one_day,de-hamburg,13
92,2020-04-17,one_day,de-rhineruhr,14
93,2020-04-17,one_day,dk-copenhagen,11
94,2020-04-17,one_day,es-barcelona,4
95,2020-04-17,one_day,es-madrid,4
96,2020-04-17,one_day,fr-lyon,4
97,2020-04-17,one_day,fr-paris,5
98,2020-04-17,one_day,hk-hongkong,42
99,2020-04-17,one_day,it-milan,3
100,2020-04-17,one_day,it-rome,5
101,2020-04-17,one_day,jp-tokyo,8
102,2020-04-17,one_day,kr-seoul,38
103,2020-04-17,one_day,mc-monaco,4
104,2020-04-17,one_day,mx-df,10
105,2020-04-17,one_day,nl-randstad,5
106,2020-04-17,one_day,pt-lisbon,9
107,2020-04-17,one_day,ru-moscow,13
108,2020-04-17,one_day,ru-stpetersburg,27
109,2020-04-17,one_day,se-stockholm,28
110,2020-04-17,one_day,sg-singapore,12
111,2020-04-17,one_day,tr-istanbul,8
112,2020-04-17,one_day,uk-birmingham,11
113,2020-04-17,one_day,uk-london,8
114,2020-04-17,one_day,uk-manchester,9
115,2020-04-17,one_day,us-boston,5
116,2020-04-17,one_day,us-chicago,5
117,2020-04-17,one_day,us-dc,4
118,2020-04-17,one_day,us-la,8
119,2020-04-17,one_day,us-nyc,5
120,2020-04-17,one_day,us-philadelphia,9
121,2020-04-17,one_day,us-seattle,7
122,2020-04-17,one_day,us-sf,4
123,2020-04-16,one_day,at-vienna,9
124,2020-04-16,one_day,au-melbourne,12
125,2020-04-16,one_day,au-sydney,13
126,2020-04-16,one_day,be-brussels,7
127,2020-04-16,one_day,br-saopaulo,11
128,2020-04-16,one_day,ca-montreal,9
129,2020-04-16,one_day,ca-toronto,14
130,2020-04-16,one_day,ca-vancouver,15
131,2020-04-16,one_day,de-berlin,13
132,2020-04-16,one_day,de-hamburg,15
133,2020-04-16,one_day,de-rhineruhr,17
134,2020-04-16,one_day,dk-copenhagen,11
135,2020-04-16,one_day,es-barcelona,3
136,2020-04-16,one_day,es-madrid,4
137,2020-04-16,one_day,fr-lyon,4
138,2020-04-16,one_day,fr-paris,5
139,2020-04-16,one_day,hk-hongkong,42
140,2020-04-16,one_day,it-milan,3
141,2020-04-16,one_day,it-rome,5
142,2020-04-16,one_day,jp-tokyo,5
143,2020-04-16,one_day,kr-seoul,40
144,2020-04-16,one_day,mc-monaco,5
145,2020-04-16,one_day,mx-df,12
146,2020-04-16,one_day,nl-randstad,5
147,2020-04-16,one_day,pt-lisbon,9
148,2020-04-16,one_day,ru-moscow,11
149,2020-04-16,one_day,ru-stpetersburg,28
150,2020-04-16,one_day,se-stockholm,28
151,2020-04-16,one_day,sg-singapore,12
152,2020-04-16,one_day,tr-istanbul,8
153,2020-04-16,one_day,uk-birmingham,13
154,2020-04-16,one_day,uk-london,8
155,2020-04-16,one_day,uk-manchester,8
156,2020-04-16,one_day,us-boston,4
157,2020-04-16,one_day,us-chicago,5
158,2020-04-16,one_day,us-dc,4
159,2020-04-16,one_day,us-la,7
160,2020-04-16,one_day,us-nyc,6
161,2020-04-16,one_day,us-philadelphia,11
162,2020-04-16,one_day,us-seattle,6
163,2020-04-16,one_day,us-sf,4
164,2020-04-15,one_day,at-vienna,8
165,2020-04-15,one_day,au-melbourne,14
166,2020-04-15,one_day,au-sydney,14
167,2020-04-15,one_day,be-brussels,7
168,2020-04-15,one_day,br-saopaulo,11
169,2020-04-15,one_day,ca-montreal,10
170,2020-04-15,one_day,ca-toronto,14
171,2020-04-15,one_day,ca-vancouver,14
172,2020-04-15,one_day,de-berlin,13
173,2020-04-15,one_day,de-hamburg,15
174,2020-04-15,one_day,de-rhineruhr,17
175,2020-04-15,one_day,dk-copenhagen,13
176,2020-04-15,one_day,es-barcelona,4
177,2020-04-15,one_day,es-madrid,4
178,2020-04-15,one_day,fr-lyon,4
179,2020-04-15,one_day,fr-paris,5
180,2020-04-15,one_day,hk-hongkong,41
181,2020-04-15,one_day,it-milan,3
182,2020-04-15,one_day,it-rome,5
183,2020-04-15,one_day,jp-tokyo,6
184,2020-04-15,one_day,kr-seoul,38
185,2020-04-15,one_day,mc-monaco,3
186,2020-04-15,one_day,mx-df,11
187,2020-04-15,one_day,nl-randstad,6
188,2020-04-15,one_day,pt-lisbon,11
189,2020-04-15,one_day,ru-moscow,13
190,2020-04-15,one_day,ru-stpetersburg,31
191,2020-04-15,one_day,se-stockholm,30
192,2020-04-15,one_day,sg-singapore,12
193,2020-04-15,one_day,tr-istanbul,9
194,2020-04-15,one_day,uk-birmingham,12
195,2020-04-15,one_day,uk-london,9
196,2020-04-15,one_day,uk-manchester,9
197,2020-04-15,one_day,us-boston,5
198,2020-04-15,one_day,us-chicago,6
199,2020-04-15,one_day,us-dc,4
200,2020-04-15,one_day,us-la,8
201,2020-04-15,one_day,us-nyc,6
202,2020-04-15,one_day,us-philadelphia,10
203,2020-04-15,one_day,us-seattle,7
204,2020-04-15,one_day,us-sf,4
205,2020-04-14,one_day,at-vienna,8
206,2020-04-14,one_day,au-melbourne,14
207,2020-04-14,one_day,au-sydney,13
208,2020-04-14,one_day,be-brussels,6
209,2020-04-14,one_day,br-saopaulo,11
210,2020-04-14,one_day,ca-montreal,11
211,2020-04-14,one_day,ca-toronto,15
212,2020-04-14,one_day,ca-vancouver,16
213,2020-04-14,one_day,de-berlin,12
214,2020-04-14,one_day,de-hamburg,13
215,2020-04-14,one_day,de-rhineruhr,16
216,2020-04-14,one_day,dk-copenhagen,13
217,2020-04-14,one_day,es-barcelona,4
218,2020-04-14,one_day,es-madrid,4
219,2020-04-14,one_day,fr-lyon,4
220,2020-04-14,one_day,fr-paris,6
221,2020-04-14,one_day,hk-hongkong,40
222,2020-04-14,one_day,it-milan,4
223,2020-04-14,one_day,it-rome,5
224,2020-04-14,one_day,jp-tokyo,7
225,2020-04-14,one_day,kr-seoul,40
226,2020-04-14,one_day,mc-monaco,2
227,2020-04-14,one_day,mx-df,12
228,2020-04-14,one_day,nl-randstad,6
229,2020-04-14,one_day,pt-lisbon,10
230,2020-04-14,one_day,ru-moscow,17
231,2020-04-14,one_day,ru-stpetersburg,32
232,2020-04-14,one_day,se-stockholm,28
233,2020-04-14,one_day,sg-singapore,13
234,2020-04-14,one_day,tr-istanbul,8
235,2020-04-14,one_day,uk-birmingham,13
236,2020-04-14,one_day,uk-london,9
237,2020-04-14,one_day,uk-manchester,10
238,2020-04-14,one_day,us-boston,5
239,2020-04-14,one_day,us-chicago,6
240,2020-04-14,one_day,us-dc,4
241,2020-04-14,one_day,us-la,9
242,2020-04-14,one_day,us-nyc,6
243,2020-04-14,one_day,us-philadelphia,11
244,2020-04-14,one_day,us-seattle,5
245,2020-04-14,one_day,us-sf,5
246,2020-04-13,one_day,at-vienna,6
247,2020-04-13,one_day,au-melbourne,13
248,2020-04-13,one_day,au-sydney,13
249,2020-04-13,one_day,be-brussels,6
250,2020-04-13,one_day,br-saopaulo,11
251,2020-04-13,one_day,ca-montreal,11
252,2020-04-13,one_day,ca-toronto,14
253,2020-04-13,one_day,ca-vancouver,14
254,2020-04-13,one_day,de-berlin,9
255,2020-04-13,one_day,de-hamburg,11
256,2020-04-13,one_day,de-rhineruhr,11
257,2020-04-13,one_day,dk-copenhagen,10
258,2020-04-13,one_day,es-barcelona,3
259,2020-04-13,one_day,es-madrid,5
260,2020-04-13,one_day,fr-lyon,3
261,2020-04-13,one_day,fr-paris,4
262,2020-04-13,one_day,hk-hongkong,42
263,2020-04-13,one_day,it-milan,3
264,2020-04-13,one_day,it-rome,3
265,2020-04-13,one_day,jp-tokyo,5
266,2020-04-13,one_day,kr-seoul,36
267,2020-04-13,one_day,mc-monaco,3
268,2020-04-13,one_day,mx-df,13
269,2020-04-13,one_day,nl-randstad,6
270,2020-04-13,one_day,pt-lisbon,9
271,2020-04-13,one_day,ru-moscow,16
272,2020-04-13,one_day,ru-stpetersburg,28
273,2020-04-13,one_day,se-stockholm,25
274,2020-04-13,one_day,sg-singapore,13
275,2020-04-13,one_day,tr-istanbul,8
276,2020-04-13,one_day,uk-birmingham,10
277,2020-04-13,one_day,uk-london,8
278,2020-04-13,one_day,uk-manchester,10
279,2020-04-13,one_day,us-boston,5
280,2020-04-13,one_day,us-chicago,7
281,2020-04-13,one_day,us-dc,5
282,2020-04-13,one_day,us-la,11
283,2020-04-13,one_day,us-nyc,6
284,2020-04-13,one_day,us-philadelphia,11
285,2020-04-13,one_day,us-seattle,8
286,2020-04-13,one_day,us-sf,5
287,2020-04-12,one_day,at-vienna,4
288,2020-04-12,one_day,au-melbourne,9
289,2020-04-12,one_day,au-sydney,12
290,2020-04-12,one_day,be-brussels,7
291,2020-04-12,one_day,br-saopaulo,12
292,2020-04-12,one_day,ca-montreal,8
293,2020-04-12,one_day,ca-toronto,13
294,2020-04-12,one_day,ca-vancouver,14
295,2020-04-12,one_day,de-berlin,14
296,2020-04-12,one_day,de-hamburg,13
297,2020-04-12,one_day,de-rhineruhr,14
298,2020-04-12,one_day,dk-copenhagen,10
299,2020-04-12,one_day,es-barcelona,2
300,2020-04-12,one_day,es-madrid,4
301,2020-04-12,one_day,fr-lyon,3
302,2020-04-12,one_day,fr-paris,5
303,2020-04-12,one_day,hk-hongkong,42
304,2020-04-12,one_day,it-milan,2
305,2020-04-12,one_day,it-rome,3
306,2020-04-12,one_day,jp-tokyo,5
307,2020-04-12,one_day,kr-seoul,34
308,2020-04-12,one_day,mc-monaco,2
309,2020-04-12,one_day,mx-df,10
310,2020-04-12,one_day,nl-randstad,6
311,2020-04-12,one_day,pt-lisbon,8
312,2020-04-12,one_day,ru-moscow,16
313,2020-04-12,one_day,ru-stpetersburg,21
314,2020-04-12,one_day,se-stockholm,23
315,2020-04-12,one_day,sg-singapore,16
316,2020-04-12,one_day,tr-istanbul,4
317,2020-04-12,one_day,uk-birmingham,10
318,2020-04-12,one_day,uk-london,7
319,2020-04-12,one_day,uk-manchester,8
320,2020-04-12,one_day,us-boston,6
321,2020-04-12,one_day,us-chicago,7
322,2020-04-12,one_day,us-dc,4
323,2020-04-12,one_day,us-la,6
324,2020-04-12,one_day,us-nyc,5
325,2020-04-12,one_day,us-philadelphia,10
326,2020-04-12,one_day,us-seattle,9
327,2020-04-12,one_day,us-sf,5
328,2020-04-11,one_day,at-vienna,5
329,2020-04-11,one_day,au-melbourne,12
330,2020-04-11,one_day,au-sydney,14
331,2020-04-11,one_day,be-brussels,7
332,2020-04-11,one_day,br-saopaulo,12
333,2020-04-11,one_day,ca-montreal,9
334,2020-04-11,one_day,ca-toronto,14
335,2020-04-11,one_day,ca-vancouver,14
336,2020-04-11,one_day,de-berlin,11
337,2020-04-11,one_day,de-hamburg,10
338,2020-04-11,one_day,de-rhineruhr,13
339,2020-04-11,one_day,dk-copenhagen,9
340,2020-04-11,one_day,es-barcelona,3
341,2020-04-11,one_day,es-madrid,3
342,2020-04-11,one_day,fr-lyon,4
343,2020-04-11,one_day,fr-paris,5
344,2020-04-11,one_day,hk-hongkong,31
345,2020-04-11,one_day,it-milan,3
346,2020-04-11,one_day,it-rome,4
347,2020-04-11,one_day,jp-tokyo,9
348,2020-04-11,one_day,kr-seoul,38
349,2020-04-11,one_day,mc-monaco,3
350,2020-04-11,one_day,mx-df,8
351,2020-04-11,one_day,nl-randstad,6
352,2020-04-11,one_day,pt-lisbon,8
353,2020-04-11,one_day,ru-moscow,15
354,2020-04-11,one_day,ru-stpetersburg,23
355,2020-04-11,one_day,se-stockholm,26
356,2020-04-11,one_day,sg-singapore,15
357,2020-04-11,one_day,tr-istanbul,5
358,2020-04-11,one_day,uk-birmingham,12
359,2020-04-11,one_day,uk-london,7
360,2020-04-11,one_day,uk-manchester,9
361,2020-04-11,one_day,us-boston,6
362,2020-04-11,one_day,us-chicago,6
363,2020-04-11,one_day,us-dc,5
364,2020-04-11,one_day,us-la,8
365,2020-04-11,one_day,us-nyc,5
366,2020-04-11,one_day,us-philadelphia,11
367,2020-04-11,one_day,us-seattle,6
368,2020-04-11,one_day,us-sf,5
369,2020-04-10,one_day,at-vienna,5
370,2020-04-10,one_day,au-melbourne,10
371,2020-04-10,one_day,au-sydney,10
372,2020-04-10,one_day,be-brussels,6
373,2020-04-10,one_day,br-saopaulo,8
374,2020-04-10,one_day,ca-montreal,10
375,2020-04-10,one_day,ca-toronto,12
376,2020-04-10,one_day,ca-vancouver,13
377,2020-04-10,one_day,de-berlin,10
378,2020-04-10,one_day,de-hamburg,10
379,2020-04-10,one_day,de-rhineruhr,12
380,2020-04-10,one_day,dk-copenhagen,9
381,2020-04-10,one_day,es-barcelona,2
382,2020-04-10,one_day,es-madrid,3
383,2020-04-10,one_day,fr-lyon,4
384,2020-04-10,one_day,fr-paris,5
385,2020-04-10,one_day,hk-hongkong,38
386,2020-04-10,one_day,it-milan,3
387,2020-04-10,one_day,it-rome,4
388,2020-04-10,one_day,jp-tokyo,8
389,2020-04-10,one_day,kr-seoul,41
390,2020-04-10,one_day,mc-monaco,6
391,2020-04-10,one_day,mx-df,7
392,2020-04-10,one_day,nl-randstad,5
393,2020-04-10,one_day,pt-lisbon,8
394,2020-04-10,one_day,ru-moscow,13
395,2020-04-10,one_day,ru-stpetersburg,24
396,2020-04-10,one_day,se-stockholm,25
397,2020-04-10,one_day,sg-singapore,14
398,2020-04-10,one_day,tr-istanbul,7
399,2020-04-10,one_day,uk-birmingham,10
400,2020-04-10,one_day,uk-london,8
401,2020-04-10,one_day,uk-manchester,9
402,2020-04-10,one_day,us-boston,5
403,2020-04-10,one_day,us-chicago,6
404,2020-04-10,one_day,us-dc,4
405,2020-04-10,one_day,us-la,7
406,2020-04-10,one_day,us-nyc,5
407,2020-04-10,one_day,us-philadelphia,13
408,2020-04-10,one_day,us-seattle,6
409,2020-04-10,one_day,us-sf,5
410,2020-04-09,one_day,at-vienna,7
411,2020-04-09,one_day,au-melbourne,12
412,2020-04-09,one_day,au-sydney,11
413,2020-04-09,one_day,be-brussels,8
414,2020-04-09,one_day,br-saopaulo,12
415,2020-04-09,one_day,ca-montreal,9
416,2020-04-09,one_day,ca-toronto,15
417,2020-04-09,one_day,ca-vancouver,17
418,2020-04-09,one_day,de-berlin,13
419,2020-04-09,one_day,de-hamburg,16
420,2020-04-09,one_day,de-rhineruhr,17
421,2020-04-09,one_day,dk-copenhagen,11
422,2020-04-09,one_day,es-barcelona,3
423,2020-04-09,one_day,es-madrid,3
424,2020-04-09,one_day,fr-lyon,4
425,2020-04-09,one_day,fr-paris,5
426,2020-04-09,one_day,hk-hongkong,44
427,2020-04-09,one_day,it-milan,3
428,2020-04-09,one_day,it-rome,5
429,2020-04-09,one_day,jp-tokyo,8
430,2020-04-09,one_day,kr-seoul,38
431,2020-04-09,one_day,mc-monaco,3
432,2020-04-09,one_day,mx-df,9
433,2020-04-09,one_day,nl-randstad,6
434,2020-04-09,one_day,pt-lisbon,9
435,2020-04-09,one_day,ru-moscow,14
436,2020-04-09,one_day,ru-stpetersburg,27
437,2020-04-09,one_day,se-stockholm,30
438,2020-04-09,one_day,sg-singapore,15
439,2020-04-09,one_day,tr-istanbul,7
440,2020-04-09,one_day,uk-birmingham,13
441,2020-04-09,one_day,uk-london,8
442,2020-04-09,one_day,uk-manchester,9
443,2020-04-09,one_day,us-boston,4
444,2020-04-09,one_day,us-chicago,6
445,2020-04-09,one_day,us-dc,5
446,2020-04-09,one_day,us-la,7
447,2020-04-09,one_day,us-nyc,5
448,2020-04-09,one_day,us-philadelphia,12
449,2020-04-09,one_day,us-seattle,7
450,2020-04-09,one_day,us-sf,5
451,2020-04-08,one_day,at-vienna,7
452,2020-04-08,one_day,au-melbourne,13
453,2020-04-08,one_day,au-sydney,12
454,2020-04-08,one_day,be-brussels,7
455,2020-04-08,one_day,br-saopaulo,12
456,2020-04-08,one_day,ca-montreal,10
457,2020-04-08,one_day,ca-toronto,15
458,2020-04-08,one_day,ca-vancouver,14
459,2020-04-08,one_day,de-berlin,14
460,2020-04-08,one_day,de-hamburg,15
461,2020-04-08,one_day,de-rhineruhr,16
462,2020-04-08,one_day,dk-copenhagen,11
463,2020-04-08,one_day,es-barcelona,3
464,2020-04-08,one_day,es-madrid,4
465,2020-04-08,one_day,fr-lyon,4
466,2020-04-08,one_day,fr-paris,5
467,2020-04-08,one_day,hk-hongkong,38
468,2020-04-08,one_day,it-milan,3
469,2020-04-08,one_day,it-rome,5
470,2020-04-08,one_day,jp-tokyo,8
471,2020-04-08,one_day,kr-seoul,36
472,2020-04-08,one_day,mc-monaco,2
473,2020-04-08,one_day,mx-df,13
474,2020-04-08,one_day,nl-randstad,6
475,2020-04-08,one_day,pt-lisbon,11
476,2020-04-08,one_day,ru-moscow,16
477,2020-04-08,one_day,ru-stpetersburg,25
478,2020-04-08,one_day,se-stockholm,28
479,2020-04-08,one_day,sg-singapore,17
480,2020-04-08,one_day,tr-istanbul,7
481,2020-04-08,one_day,uk-birmingham,11
482,2020-04-08,one_day,uk-london,8
483,2020-04-08,one_day,uk-manchester,9
484,2020-04-08,one_day,us-boston,6
485,2020-04-08,one_day,us-chicago,6
486,2020-04-08,one_day,us-dc,5
487,2020-04-08,one_day,us-la,8
488,2020-04-08,one_day,us-nyc,6
489,2020-04-08,one_day,us-philadelphia,12
490,2020-04-08,one_day,us-seattle,8
491,2020-04-08,one_day,us-sf,4
492,2020-04-07,one_day,at-vienna,6
493,2020-04-07,one_day,au-melbourne,14
494,2020-04-07,one_day,au-sydney,13
495,2020-04-07,one_day,be-brussels,7
496,2020-04-07,one_day,br-saopaulo,12
497,2020-04-07,one_day,ca-montreal,11
498,2020-04-07,one_day,ca-toronto,16
499,2020-04-07,one_day,ca-vancouver,15
500,2020-04-07,one_day,de-berlin,12
501,2020-04-07,one_day,de-hamburg,15
502,2020-04-07,one_day,de-rhineruhr,13
503,2020-04-07,one_day,dk-copenhagen,12
504,2020-04-07,one_day,es-barcelona,3
505,2020-04-07,one_day,es-madrid,4
506,2020-04-07,one_day,fr-lyon,4
507,2020-04-07,one_day,fr-paris,5
508,2020-04-07,one_day,hk-hongkong,36
509,2020-04-07,one_day,it-milan,3
510,2020-04-07,one_day,it-rome,5
511,2020-04-07,one_day,jp-tokyo,9
512,2020-04-07,one_day,kr-seoul,37
513,2020-04-07,one_day,mc-monaco,7
514,2020-04-07,one_day,mx-df,13
515,2020-04-07,one_day,nl-randstad,7
516,2020-04-07,one_day,pt-lisbon,11
517,2020-04-07,one_day,ru-moscow,17
518,2020-04-07,one_day,ru-stpetersburg,28
519,2020-04-07,one_day,se-stockholm,30
520,2020-04-07,one_day,sg-singapore,21
521,2020-04-07,one_day,tr-istanbul,8
522,2020-04-07,one_day,uk-birmingham,10
523,2020-04-07,one_day,uk-london,9
524,2020-04-07,one_day,uk-manchester,10
525,2020-04-07,one_day,us-boston,6
526,2020-04-07,one_day,us-chicago,5
527,2020-04-07,one_day,us-dc,4
528,2020-04-07,one_day,us-la,8
529,2020-04-07,one_day,us-nyc,6
530,2020-04-07,one_day,us-philadelphia,13
531,2020-04-07,one_day,us-seattle,8
532,2020-04-07,one_day,us-sf,5
533,2020-04-06,one_day,at-vienna,6
534,2020-04-06,one_day,au-melbourne,15
535,2020-04-06,one_day,au-sydney,14
536,2020-04-06,one_day,be-brussels,8
537,2020-04-06,one_day,br-saopaulo,12
538,2020-04-06,one_day,ca-montreal,13
539,2020-04-06,one_day,ca-toronto,15
540,2020-04-06,one_day,ca-vancouver,18
541,2020-04-06,one_day,de-berlin,14
542,2020-04-06,one_day,de-hamburg,16
543,2020-04-06,one_day,de-rhineruhr,16
544,2020-04-06,one_day,dk-copenhagen,10
545,2020-04-06,one_day,es-barcelona,3
546,2020-04-06,one_day,es-madrid,4
547,2020-04-06,one_day,fr-lyon,4
548,2020-04-06,one_day,fr-paris,5
549,2020-04-06,one_day,hk-hongkong,32
550,2020-04-06,one_day,it-milan,4
551,2020-04-06,one_day,it-rome,5
552,2020-04-06,one_day,jp-tokyo,10
553,2020-04-06,one_day,kr-seoul,36
554,2020-04-06,one_day,mc-monaco,5
555,2020-04-06,one_day,mx-df,13
556,2020-04-06,one_day,nl-randstad,6
557,2020-04-06,one_day,pt-lisbon,9
558,2020-04-06,one_day,ru-moscow,16
559,2020-04-06,one_day,ru-stpetersburg,31
560,2020-04-06,one_day,se-stockholm,30
561,2020-04-06,one_day,sg-singapore,50
562,2020-04-06,one_day,tr-istanbul,8
563,2020-04-06,one_day,uk-birmingham,13
564,2020-04-06,one_day,uk-london,9
565,2020-04-06,one_day,uk-manchester,11
566,2020-04-06,one_day,us-boston,6
567,2020-04-06,one_day,us-chicago,7
568,2020-04-06,one_day,us-dc,5
569,2020-04-06,one_day,us-la,10
570,2020-04-06,one_day,us-nyc,7
571,2020-04-06,one_day,us-philadelphia,14
572,2020-04-06,one_day,us-seattle,9
573,2020-04-06,one_day,us-sf,6
574,2020-04-05,one_day,at-vienna,3
575,2020-04-05,one_day,au-melbourne,14
576,2020-04-05,one_day,au-sydney,17
577,2020-04-05,one_day,be-brussels,8
578,2020-04-05,one_day,br-saopaulo,13
579,2020-04-05,one_day,ca-montreal,9
580,2020-04-05,one_day,ca-toronto,17
581,2020-04-05,one_day,ca-vancouver,15
582,2020-04-05,one_day,de-berlin,11
583,2020-04-05,one_day,de-hamburg,14
584,2020-04-05,one_day,de-rhineruhr,15
585,2020-04-05,one_day,dk-copenhagen,7
586,2020-04-05,one_day,es-barcelona,2
587,2020-04-05,one_day,es-madrid,3
588,2020-04-05,one_day,fr-lyon,3
589,2020-04-05,one_day,fr-paris,5
590,2020-04-05,one_day,hk-hongkong,26
591,2020-04-05,one_day,it-milan,3
592,2020-04-05,one_day,it-rome,3
593,2020-04-05,one_day,jp-tokyo,9
594,2020-04-05,one_day,kr-seoul,34
595,2020-04-05,one_day,mc-monaco,3
596,2020-04-05,one_day,mx-df,11
597,2020-04-05,one_day,nl-randstad,5
598,2020-04-05,one_day,pt-lisbon,8
599,2020-04-05,one_day,ru-moscow,13
600,2020-04-05,one_day,ru-stpetersburg,22
601,2020-04-05,one_day,se-stockholm,24
602,2020-04-05,one_day,sg-singapore,52
603,2020-04-05,one_day,tr-istanbul,5
604,2020-04-05,one_day,uk-birmingham,12
605,2020-04-05,one_day,uk-london,9
606,2020-04-05,one_day,uk-manchester,9
607,2020-04-05,one_day,us-boston,7
608,2020-04-05,one_day,us-chicago,7
609,2020-04-05,one_day,us-dc,6
610,2020-04-05,one_day,us-la,10
611,2020-04-05,one_day,us-nyc,5
612,2020-04-05,one_day,us-philadelphia,10
613,2020-04-05,one_day,us-seattle,10
614,2020-04-05,one_day,us-sf,6
615,2020-04-04,one_day,at-vienna,4
616,2020-04-04,one_day,au-melbourne,12
617,2020-04-04,one_day,au-sydney,14
618,2020-04-04,one_day,be-brussels,6
619,2020-04-04,one_day,br-saopaulo,13
620,2020-04-04,one_day,ca-montreal,12
621,2020-04-04,one_day,ca-toronto,17
622,2020-04-04,one_day,ca-vancouver,14
623,2020-04-04,one_day,de-berlin,10
624,2020-04-04,one_day,de-hamburg,10
625,2020-04-04,one_day,de-rhineruhr,12
626,2020-04-04,one_day,dk-copenhagen,9
627,2020-04-04,one_day,es-barcelona,2
628,2020-04-04,one_day,es-madrid,3
629,2020-04-04,one_day,fr-lyon,4
630,2020-04-04,one_day,fr-paris,4
631,2020-04-04,one_day,hk-hongkong,27
632,2020-04-04,one_day,it-milan,3
633,2020-04-04,one_day,it-rome,4
634,2020-04-04,one_day,jp-tokyo,13
635,2020-04-04,one_day,kr-seoul,39
636,2020-04-04,one_day,mc-monaco,2
637,2020-04-04,one_day,mx-df,11
638,2020-04-04,one_day,nl-randstad,5
639,2020-04-04,one_day,pt-lisbon,10
640,2020-04-04,one_day,ru-moscow,13
641,2020-04-04,one_day,ru-stpetersburg,18
642,2020-04-04,one_day,se-stockholm,27
643,2020-04-04,one_day,sg-singapore,50
644,2020-04-04,one_day,tr-istanbul,5
645,2020-04-04,one_day,uk-birmingham,13
646,2020-04-04,one_day,uk-london,7
647,2020-04-04,one_day,uk-manchester,8
648,2020-04-04,one_day,us-boston,6
649,2020-04-04,one_day,us-chicago,7
650,2020-04-04,one_day,us-dc,5
651,2020-04-04,one_day,us-la,9
652,2020-04-04,one_day,us-nyc,6
653,2020-04-04,one_day,us-philadelphia,10
654,2020-04-04,one_day,us-seattle,7
655,2020-04-04,one_day,us-sf,6
656,2020-04-03,one_day,at-vienna,4
657,2020-04-03,one_day,au-melbourne,13
658,2020-04-03,one_day,au-sydney,13
659,2020-04-03,one_day,be-brussels,5
660,2020-04-03,one_day,br-saopaulo,11
661,2020-04-03,one_day,ca-montreal,11
662,2020-04-03,one_day,ca-toronto,16
663,2020-04-03,one_day,ca-vancouver,15
664,2020-04-03,one_day,de-berlin,10
665,2020-04-03,one_day,de-hamburg,10
666,2020-04-03,one_day,de-rhineruhr,12
667,2020-04-03,one_day,dk-copenhagen,9
668,2020-04-03,one_day,es-barcelona,2
669,2020-04-03,one_day,es-madrid,3
670,2020-04-03,one_day,fr-lyon,4
671,2020-04-03,one_day,fr-paris,5
672,2020-04-03,one_day,hk-hongkong,32
673,2020-04-03,one_day,it-milan,3
674,2020-04-03,one_day,it-rome,4
675,2020-04-03,one_day,jp-tokyo,12
676,2020-04-03,one_day,kr-seoul,42
677,2020-04-03,one_day,mc-monaco,6
678,2020-04-03,one_day,mx-df,13
679,2020-04-03,one_day,nl-randstad,4
680,2020-04-03,one_day,pt-lisbon,10
681,2020-04-03,one_day,ru-moscow,13
682,2020-04-03,one_day,ru-stpetersburg,17
683,2020-04-03,one_day,se-stockholm,27
684,2020-04-03,one_day,sg-singapore,44
685,2020-04-03,one_day,tr-istanbul,6
686,2020-04-03,one_day,uk-birmingham,13
687,2020-04-03,one_day,uk-london,8
688,2020-04-03,one_day,uk-manchester,8
689,2020-04-03,one_day,us-boston,5
690,2020-04-03,one_day,us-chicago,7
691,2020-04-03,one_day,us-dc,5
692,2020-04-03,one_day,us-la,10
693,2020-04-03,one_day,us-nyc,6
694,2020-04-03,one_day,us-philadelphia,12
695,2020-04-03,one_day,us-seattle,9
696,2020-04-03,one_day,us-sf,6
697,2020-04-02,one_day,at-vienna,5
698,2020-04-02,one_day,au-melbourne,12
699,2020-04-02,one_day,au-sydney,13
700,2020-04-02,one_day,be-brussels,6
701,2020-04-02,one_day,br-saopaulo,12
702,2020-04-02,one_day,ca-montreal,11
703,2020-04-02,one_day,ca-toronto,15
704,2020-04-02,one_day,ca-vancouver,15
705,2020-04-02,one_day,de-berlin,11
706,2020-04-02,one_day,de-hamburg,13
707,2020-04-02,one_day,de-rhineruhr,16
708,2020-04-02,one_day,dk-copenhagen,10
709,2020-04-02,one_day,es-barcelona,3
710,2020-04-02,one_day,es-madrid,3
711,2020-04-02,one_day,fr-lyon,4
712,2020-04-02,one_day,fr-paris,5
713,2020-04-02,one_day,hk-hongkong,32
714,2020-04-02,one_day,it-milan,3
715,2020-04-02,one_day,it-rome,4
716,2020-04-02,one_day,jp-tokyo,9
717,2020-04-02,one_day,kr-seoul,37
718,2020-04-02,one_day,mc-monaco,5
719,2020-04-02,one_day,mx-df,14
720,2020-04-02,one_day,nl-randstad,6
721,2020-04-02,one_day,pt-lisbon,11
722,2020-04-02,one_day,ru-moscow,12
723,2020-04-02,one_day,ru-stpetersburg,18
724,2020-04-02,one_day,se-stockholm,28
725,2020-04-02,one_day,sg-singapore,49
726,2020-04-02,one_day,tr-istanbul,7
727,2020-04-02,one_day,uk-birmingham,13
728,2020-04-02,one_day,uk-london,9
729,2020-04-02,one_day,uk-manchester,9
730,2020-04-02,one_day,us-boston,5
731,2020-04-02,one_day,us-chicago,7
732,2020-04-02,one_day,us-dc,5
733,2020-04-02,one_day,us-la,11
734,2020-04-02,one_day,us-nyc,6
735,2020-04-02,one_day,us-philadelphia,11
736,2020-04-02,one_day,us-seattle,9
737,2020-04-02,one_day,us-sf,5
738,2020-04-01,one_day,at-vienna,6
739,2020-04-01,one_day,au-melbourne,15
740,2020-04-01,one_day,au-sydney,13
741,2020-04-01,one_day,be-brussels,7
742,2020-04-01,one_day,br-saopaulo,12
743,2020-04-01,one_day,ca-montreal,13
744,2020-04-01,one_day,ca-toronto,18
745,2020-04-01,one_day,ca-vancouver,16
746,2020-04-01,one_day,de-berlin,12
747,2020-04-01,one_day,de-hamburg,12
748,2020-04-01,one_day,de-rhineruhr,17
749,2020-04-01,one_day,dk-copenhagen,10
750,2020-04-01,one_day,es-barcelona,3
751,2020-04-01,one_day,es-madrid,4
752,2020-04-01,one_day,fr-lyon,4
753,2020-04-01,one_day,fr-paris,5
754,2020-04-01,one_day,hk-hongkong,33
755,2020-04-01,one_day,it-milan,3
756,2020-04-01,one_day,it-rome,5
757,2020-04-01,one_day,jp-tokyo,7
758,2020-04-01,one_day,kr-seoul,37
759,2020-04-01,one_day,mc-monaco,7
760,2020-04-01,one_day,mx-df,15
761,2020-04-01,one_day,nl-randstad,6
762,2020-04-01,one_day,pt-lisbon,10
763,2020-04-01,one_day,ru-moscow,14
764,2020-04-01,one_day,ru-stpetersburg,20
765,2020-04-01,one_day,se-stockholm,30
766,2020-04-01,one_day,sg-singapore,51
767,2020-04-01,one_day,tr-istanbul,8
768,2020-04-01,one_day,uk-birmingham,12
769,2020-04-01,one_day,uk-london,9
770,2020-04-01,one_day,uk-manchester,10
771,2020-04-01,one_day,us-boston,6
772,2020-04-01,one_day,us-chicago,7
773,2020-04-01,one_day,us-dc,5
774,2020-04-01,one_day,us-la,11
775,2020-04-01,one_day,us-nyc,7
776,2020-04-01,one_day,us-philadelphia,12
777,2020-04-01,one_day,us-seattle,8
778,2020-04-01,one_day,us-sf,5
779,2020-03-31,one_day,at-vienna,6
780,2020-03-31,one_day,au-melbourne,15
781,2020-03-31,one_day,au-sydney,14
782,2020-03-31,one_day,be-brussels,7
783,2020-03-31,one_day,br-saopaulo,14
784,2020-03-31,one_day,ca-montreal,12
785,2020-03-31,one_day,ca-toronto,18
786,2020-03-31,one_day,ca-vancouver,17
787,2020-03-31,one_day,de-berlin,12
788,2020-03-31,one_day,de-hamburg,13
789,2020-03-31,one_day,de-rhineruhr,15
790,2020-03-31,one_day,dk-copenhagen,12
791,2020-03-31,one_day,es-barcelona,3
792,2020-03-31,one_day,es-madrid,4
793,2020-03-31,one_day,fr-lyon,4
794,2020-03-31,one_day,fr-paris,6
795,2020-03-31,one_day,hk-hongkong,33
796,2020-03-31,one_day,it-milan,3
797,2020-03-31,one_day,it-rome,5
798,2020-03-31,one_day,jp-tokyo,10
799,2020-03-31,one_day,kr-seoul,36
800,2020-03-31,one_day,mc-monaco,5
801,2020-03-31,one_day,mx-df,17
802,2020-03-31,one_day,nl-randstad,6
803,2020-03-31,one_day,pt-lisbon,12
804,2020-03-31,one_day,ru-moscow,17
805,2020-03-31,one_day,ru-stpetersburg,24
806,2020-03-31,one_day,se-stockholm,28
807,2020-03-31,one_day,sg-singapore,55
808,2020-03-31,one_day,tr-istanbul,8
809,2020-03-31,one_day,uk-birmingham,13
810,2020-03-31,one_day,uk-london,10
811,2020-03-31,one_day,uk-manchester,10
812,2020-03-31,one_day,us-boston,6
813,2020-03-31,one_day,us-chicago,7
814,2020-03-31,one_day,us-dc,5
815,2020-03-31,one_day,us-la,11
816,2020-03-31,one_day,us-nyc,7
817,2020-03-31,one_day,us-philadelphia,10
818,2020-03-31,one_day,us-seattle,8
819,2020-03-31,one_day,us-sf,6
820,2020-03-30,one_day,at-vienna,5
821,2020-03-30,one_day,au-melbourne,18
822,2020-03-30,one_day,au-sydney,16
823,2020-03-30,one_day,be-brussels,7
824,2020-03-30,one_day,br-saopaulo,14
825,2020-03-30,one_day,ca-montreal,13
826,2020-03-30,one_day,ca-toronto,17
827,2020-03-30,one_day,ca-vancouver,17
828,2020-03-30,one_day,de-berlin,12
829,2020-03-30,one_day,de-hamburg,14
830,2020-03-30,one_day,de-rhineruhr,15
831,2020-03-30,one_day,dk-copenhagen,9
832,2020-03-30,one_day,es-barcelona,4
833,2020-03-30,one_day,es-madrid,4
834,2020-03-30,one_day,fr-lyon,4
835,2020-03-30,one_day,fr-paris,6
836,2020-03-30,one_day,hk-hongkong,32
837,2020-03-30,one_day,it-milan,4
838,2020-03-30,one_day,it-rome,5
839,2020-03-30,one_day,jp-tokyo,11
840,2020-03-30,one_day,kr-seoul,38
841,2020-03-30,one_day,mc-monaco,7
842,2020-03-30,one_day,mx-df,18
843,2020-03-30,one_day,nl-randstad,5
844,2020-03-30,one_day,pt-lisbon,11
845,2020-03-30,one_day,ru-moscow,17
846,2020-03-30,one_day,ru-stpetersburg,28
847,2020-03-30,one_day,se-stockholm,28
848,2020-03-30,one_day,sg-singapore,53
849,2020-03-30,one_day,tr-istanbul,9
850,2020-03-30,one_day,uk-birmingham,16
851,2020-03-30,one_day,uk-london,10
852,2020-03-30,one_day,uk-manchester,13
853,2020-03-30,one_day,us-boston,6
854,2020-03-30,one_day,us-chicago,8
855,2020-03-30,one_day,us-dc,8
856,2020-03-30,one_day,us-la,12
857,2020-03-30,one_day,us-nyc,8
858,2020-03-30,one_day,us-philadelphia,13
859,2020-03-30,one_day,us-seattle,8
860,2020-03-30,one_day,us-sf,8
861,2020-03-29,one_day,at-vienna,3
862,2020-03-29,one_day,au-melbourne,18
863,2020-03-29,one_day,au-sydney,19
864,2020-03-29,one_day,be-brussels,6
865,2020-03-29,one_day,br-saopaulo,13
866,2020-03-29,one_day,ca-montreal,11
867,2020-03-29,one_day,ca-toronto,18
868,2020-03-29,one_day,ca-vancouver,15
869,2020-03-29,one_day,de-berlin,8
870,2020-03-29,one_day,de-hamburg,10
871,2020-03-29,one_day,de-rhineruhr,12
872,2020-03-29,one_day,dk-copenhagen,7
873,2020-03-29,one_day,es-barcelona,3
874,2020-03-29,one_day,es-madrid,3
875,2020-03-29,one_day,fr-lyon,3
876,2020-03-29,one_day,fr-paris,5
877,2020-03-29,one_day,hk-hongkong,28
878,2020-03-29,one_day,it-milan,3
879,2020-03-29,one_day,it-rome,3
880,2020-03-29,one_day,jp-tokyo,7
881,2020-03-29,one_day,kr-seoul,35
882,2020-03-29,one_day,mc-monaco,5
883,2020-03-29,one_day,mx-df,15
884,2020-03-29,one_day,nl-randstad,5
885,2020-03-29,one_day,pt-lisbon,11
886,2020-03-29,one_day,ru-moscow,27
887,2020-03-29,one_day,ru-stpetersburg,28
888,2020-03-29,one_day,se-stockholm,28
889,2020-03-29,one_day,sg-singapore,54
890,2020-03-29,one_day,tr-istanbul,7
891,2020-03-29,one_day,uk-birmingham,14
892,2020-03-29,one_day,uk-london,8
893,2020-03-29,one_day,uk-manchester,11
894,2020-03-29,one_day,us-boston,6
895,2020-03-29,one_day,us-chicago,9
896,2020-03-29,one_day,us-dc,7
897,2020-03-29,one_day,us-la,11
898,2020-03-29,one_day,us-nyc,5
899,2020-03-29,one_day,us-philadelphia,11
900,2020-03-29,one_day,us-seattle,12
901,2020-03-29,one_day,us-sf,7
902,2020-03-28,one_day,at-vienna,5
903,2020-03-28,one_day,au-melbourne,18
904,2020-03-28,one_day,au-sydney,18
905,2020-03-28,one_day,be-brussels,6
906,2020-03-28,one_day,br-saopaulo,13
907,2020-03-28,one_day,ca-montreal,12
908,2020-03-28,one_day,ca-toronto,19
909,2020-03-28,one_day,ca-vancouver,13
910,2020-03-28,one_day,de-berlin,10
911,2020-03-28,one_day,de-hamburg,11
912,2020-03-28,one_day,de-rhineruhr,12
913,2020-03-28,one_day,dk-copenhagen,8
914,2020-03-28,one_day,es-barcelona,3
915,2020-03-28,one_day,es-madrid,3
916,2020-03-28,one_day,fr-lyon,4
917,2020-03-28,one_day,fr-paris,5
918,2020-03-28,one_day,hk-hongkong,28
919,2020-03-28,one_day,it-milan,2
920,2020-03-28,one_day,it-rome,4
921,2020-03-28,one_day,jp-tokyo,12
922,2020-03-28,one_day,kr-seoul,36
923,2020-03-28,one_day,mc-monaco,7
924,2020-03-28,one_day,mx-df,16
925,2020-03-28,one_day,nl-randstad,5
926,2020-03-28,one_day,pt-lisbon,12
927,2020-03-28,one_day,ru-moscow,32
928,2020-03-28,one_day,ru-stpetersburg,35
929,2020-03-28,one_day,se-stockholm,28
930,2020-03-28,one_day,sg-singapore,56
931,2020-03-28,one_day,tr-istanbul,7
932,2020-03-28,one_day,uk-birmingham,14
933,2020-03-28,one_day,uk-london,8
934,2020-03-28,one_day,uk-manchester,10
935,2020-03-28,one_day,us-boston,6
936,2020-03-28,one_day,us-chicago,7
937,2020-03-28,one_day,us-dc,6
938,2020-03-28,one_day,us-la,10
939,2020-03-28,one_day,us-nyc,6
940,2020-03-28,one_day,us-philadelphia,11
941,2020-03-28,one_day,us-seattle,10
942,2020-03-28,one_day,us-sf,6
943,2020-03-27,one_day,at-vienna,5
944,2020-03-27,one_day,au-melbourne,18
945,2020-03-27,one_day,au-sydney,18
946,2020-03-27,one_day,be-brussels,7
947,2020-03-27,one_day,br-saopaulo,12
948,2020-03-27,one_day,ca-montreal,13
949,2020-03-27,one_day,ca-toronto,18
950,2020-03-27,one_day,ca-vancouver,13
951,2020-03-27,one_day,de-berlin,10
952,2020-03-27,one_day,de-hamburg,11
953,2020-03-27,one_day,de-rhineruhr,13
954,2020-03-27,one_day,dk-copenhagen,8
955,2020-03-27,one_day,es-barcelona,3
956,2020-03-27,one_day,es-madrid,3
957,2020-03-27,one_day,fr-lyon,4
958,2020-03-27,one_day,fr-paris,5
959,2020-03-27,one_day,hk-hongkong,34
960,2020-03-27,one_day,it-milan,3
961,2020-03-27,one_day,it-rome,4
962,2020-03-27,one_day,jp-tokyo,12
963,2020-03-27,one_day,kr-seoul,37
964,2020-03-27,one_day,mc-monaco,7
965,2020-03-27,one_day,mx-df,18
966,2020-03-27,one_day,nl-randstad,5
967,2020-03-27,one_day,pt-lisbon,10
968,2020-03-27,one_day,ru-moscow,46
969,2020-03-27,one_day,ru-stpetersburg,56
970,2020-03-27,one_day,se-stockholm,27
971,2020-03-27,one_day,sg-singapore,53
972,2020-03-27,one_day,tr-istanbul,8
973,2020-03-27,one_day,uk-birmingham,14
974,2020-03-27,one_day,uk-london,9
975,2020-03-27,one_day,uk-manchester,12
976,2020-03-27,one_day,us-boston,7
977,2020-03-27,one_day,us-chicago,7
978,2020-03-27,one_day,us-dc,6
979,2020-03-27,one_day,us-la,11
980,2020-03-27,one_day,us-nyc,7
981,2020-03-27,one_day,us-philadelphia,14
982,2020-03-27,one_day,us-seattle,8
983,2020-03-27,one_day,us-sf,6
984,2020-03-26,one_day,at-vienna,6
985,2020-03-26,one_day,au-melbourne,20
986,2020-03-26,one_day,au-sydney,18
987,2020-03-26,one_day,be-brussels,8
988,2020-03-26,one_day,br-saopaulo,11
989,2020-03-26,one_day,ca-montreal,13
990,2020-03-26,one_day,ca-toronto,18
991,2020-03-26,one_day,ca-vancouver,17
992,2020-03-26,one_day,de-berlin,11
993,2020-03-26,one_day,de-hamburg,10
994,2020-03-26,one_day,de-rhineruhr,16
995,2020-03-26,one_day,dk-copenhagen,8
996,2020-03-26,one_day,es-barcelona,3
997,2020-03-26,one_day,es-madrid,4
998,2020-03-26,one_day,fr-lyon,4
999,2020-03-26,one_day,fr-paris,6
1000,2020-03-26,one_day,hk-hongkong,36
1001,2020-03-26,one_day,it-milan,3
1002,2020-03-26,one_day,it-rome,4
1003,2020-03-26,one_day,jp-tokyo,15
1004,2020-03-26,one_day,kr-seoul,36
1005,2020-03-26,one_day,mc-monaco,7
1006,2020-03-26,one_day,mx-df,21
1007,2020-03-26,one_day,nl-randstad,6
1008,2020-03-26,one_day,pt-lisbon,10
1009,2020-03-26,one_day,ru-moscow,49
1010,2020-03-26,one_day,ru-stpetersburg,57
1011,2020-03-26,one_day,se-stockholm,26
1012,2020-03-26,one_day,sg-singapore,56
1013,2020-03-26,one_day,tr-istanbul,10
1014,2020-03-26,one_day,uk-birmingham,16
1015,2020-03-26,one_day,uk-london,10
1016,2020-03-26,one_day,uk-manchester,12
1017,2020-03-26,one_day,us-boston,7
1018,2020-03-26,one_day,us-chicago,7
1019,2020-03-26,one_day,us-dc,7
1020,2020-03-26,one_day,us-la,12
1021,2020-03-26,one_day,us-nyc,8
1022,2020-03-26,one_day,us-philadelphia,15
1023,2020-03-26,one_day,us-seattle,9
1024,2020-03-26,one_day,us-sf,6
1025,2020-03-25,one_day,at-vienna,6
1026,2020-03-25,one_day,au-melbourne,20
1027,2020-03-25,one_day,au-sydney,20
1028,2020-03-25,one_day,be-brussels,7
1029,2020-03-25,one_day,br-saopaulo,12
1030,2020-03-25,one_day,ca-montreal,14
1031,2020-03-25,one_day,ca-toronto,19
1032,2020-03-25,one_day,ca-vancouver,16
1033,2020-03-25,one_day,de-berlin,12
1034,2020-03-25,one_day,de-hamburg,12
1035,2020-03-25,one_day,de-rhineruhr,15
1036,2020-03-25,one_day,dk-copenhagen,11
1037,2020-03-25,one_day,es-barcelona,4
1038,2020-03-25,one_day,es-madrid,4
1039,2020-03-25,one_day,fr-lyon,4
1040,2020-03-25,one_day,fr-paris,6
1041,2020-03-25,one_day,hk-hongkong,37
1042,2020-03-25,one_day,it-milan,3
1043,2020-03-25,one_day,it-rome,5
1044,2020-03-25,one_day,jp-tokyo,21
1045,2020-03-25,one_day,kr-seoul,37
1046,2020-03-25,one_day,mc-monaco,7
1047,2020-03-25,one_day,mx-df,23
1048,2020-03-25,one_day,nl-randstad,6
1049,2020-03-25,one_day,pt-lisbon,12
1050,2020-03-25,one_day,ru-moscow,54
1051,2020-03-25,one_day,ru-stpetersburg,69
1052,2020-03-25,one_day,se-stockholm,32
1053,2020-03-25,one_day,sg-singapore,62
1054,2020-03-25,one_day,tr-istanbul,10
1055,2020-03-25,one_day,uk-birmingham,18
1056,2020-03-25,one_day,uk-london,12
1057,2020-03-25,one_day,uk-manchester,13
1058,2020-03-25,one_day,us-boston,7
1059,2020-03-25,one_day,us-chicago,7
1060,2020-03-25,one_day,us-dc,6
1061,2020-03-25,one_day,us-la,13
1062,2020-03-25,one_day,us-nyc,7
1063,2020-03-25,one_day,us-philadelphia,13
1064,2020-03-25,one_day,us-seattle,8
1065,2020-03-25,one_day,us-sf,6
1066,2020-03-24,one_day,at-vienna,6
1067,2020-03-24,one_day,au-melbourne,25
1068,2020-03-24,one_day,au-sydney,23
1069,2020-03-24,one_day,be-brussels,7
1070,2020-03-24,one_day,br-saopaulo,11
1071,2020-03-24,one_day,ca-montreal,16
1072,2020-03-24,one_day,ca-toronto,22
1073,2020-03-24,one_day,ca-vancouver,18
1074,2020-03-24,one_day,de-berlin,12
1075,2020-03-24,one_day,de-hamburg,12
1076,2020-03-24,one_day,de-rhineruhr,16
1077,2020-03-24,one_day,dk-copenhagen,10
1078,2020-03-24,one_day,es-barcelona,4
1079,2020-03-24,one_day,es-madrid,5
1080,2020-03-24,one_day,fr-lyon,5
1081,2020-03-24,one_day,fr-paris,6
1082,2020-03-24,one_day,hk-hongkong,38
1083,2020-03-24,one_day,it-milan,4
1084,2020-03-24,one_day,it-rome,4
1085,2020-03-24,one_day,jp-tokyo,18
1086,2020-03-24,one_day,kr-seoul,36
1087,2020-03-24,one_day,mc-monaco,10
1088,2020-03-24,one_day,mx-df,28
1089,2020-03-24,one_day,nl-randstad,7
1090,2020-03-24,one_day,pt-lisbon,12
1091,2020-03-24,one_day,ru-moscow,56
1092,2020-03-24,one_day,ru-stpetersburg,68
1093,2020-03-24,one_day,se-stockholm,32
1094,2020-03-24,one_day,sg-singapore,66
1095,2020-03-24,one_day,tr-istanbul,10
1096,2020-03-24,one_day,uk-birmingham,21
1097,2020-03-24,one_day,uk-london,15
1098,2020-03-24,one_day,uk-manchester,16
1099,2020-03-24,one_day,us-boston,8
1100,2020-03-24,one_day,us-chicago,9
1101,2020-03-24,one_day,us-dc,7
1102,2020-03-24,one_day,us-la,12
1103,2020-03-24,one_day,us-nyc,8
1104,2020-03-24,one_day,us-philadelphia,13
1105,2020-03-24,one_day,us-seattle,10
1106,2020-03-24,one_day,us-sf,6
1107,2020-03-23,one_day,at-vienna,6
1108,2020-03-23,one_day,au-melbourne,33
1109,2020-03-23,one_day,au-sydney,28
1110,2020-03-23,one_day,be-brussels,8
1111,2020-03-23,one_day,br-saopaulo,13
1112,2020-03-23,one_day,ca-montreal,18
1113,2020-03-23,one_day,ca-toronto,23
1114,2020-03-23,one_day,ca-vancouver,24
1115,2020-03-23,one_day,de-berlin,13
1116,2020-03-23,one_day,de-hamburg,15
1117,2020-03-23,one_day,de-rhineruhr,17
1118,2020-03-23,one_day,dk-copenhagen,10
1119,2020-03-23,one_day,es-barcelona,5
1120,2020-03-23,one_day,es-madrid,5
1121,2020-03-23,one_day,fr-lyon,5
1122,2020-03-23,one_day,fr-paris,7
1123,2020-03-23,one_day,hk-hongkong,40
1124,2020-03-23,one_day,it-milan,4
1125,2020-03-23,one_day,it-rome,6
1126,2020-03-23,one_day,jp-tokyo,18
1127,2020-03-23,one_day,kr-seoul,36
1128,2020-03-23,one_day,mc-monaco,5
1129,2020-03-23,one_day,mx-df,30
1130,2020-03-23,one_day,nl-randstad,7
1131,2020-03-23,one_day,pt-lisbon,14
1132,2020-03-23,one_day,ru-moscow,56
1133,2020-03-23,one_day,ru-stpetersburg,73
1134,2020-03-23,one_day,se-stockholm,35
1135,2020-03-23,one_day,sg-singapore,63
1136,2020-03-23,one_day,tr-istanbul,11
1137,2020-03-23,one_day,uk-birmingham,31
1138,2020-03-23,one_day,uk-london,25
1139,2020-03-23,one_day,uk-manchester,28
1140,2020-03-23,one_day,us-boston,10
1141,2020-03-23,one_day,us-chicago,9
1142,2020-03-23,one_day,us-dc,9
1143,2020-03-23,one_day,us-la,16
1144,2020-03-23,one_day,us-nyc,8
1145,2020-03-23,one_day,us-philadelphia,17
1146,2020-03-23,one_day,us-seattle,14
1147,2020-03-23,one_day,us-sf,8
1148,2020-03-22,one_day,at-vienna,5
1149,2020-03-22,one_day,au-melbourne,42
1150,2020-03-22,one_day,au-sydney,45
1151,2020-03-22,one_day,be-brussels,8
1152,2020-03-22,one_day,br-saopaulo,17
1153,2020-03-22,one_day,ca-montreal,21
1154,2020-03-22,one_day,ca-toronto,27
1155,2020-03-22,one_day,ca-vancouver,22
1156,2020-03-22,one_day,de-berlin,11
1157,2020-03-22,one_day,de-hamburg,12
1158,2020-03-22,one_day,de-rhineruhr,15
1159,2020-03-22,one_day,dk-copenhagen,8
1160,2020-03-22,one_day,es-barcelona,3
1161,2020-03-22,one_day,es-madrid,4
1162,2020-03-22,one_day,fr-lyon,4
1163,2020-03-22,one_day,fr-paris,6
1164,2020-03-22,one_day,hk-hongkong,42
1165,2020-03-22,one_day,it-milan,3
1166,2020-03-22,one_day,it-rome,4
1167,2020-03-22,one_day,jp-tokyo,23
1168,2020-03-22,one_day,kr-seoul,38
1169,2020-03-22,one_day,mc-monaco,7
1170,2020-03-22,one_day,mx-df,28
1171,2020-03-22,one_day,nl-randstad,7
1172,2020-03-22,one_day,pt-lisbon,11
1173,2020-03-22,one_day,ru-moscow,56
1174,2020-03-22,one_day,ru-stpetersburg,63
1175,2020-03-22,one_day,se-stockholm,30
1176,2020-03-22,one_day,sg-singapore,67
1177,2020-03-22,one_day,tr-istanbul,11
1178,2020-03-22,one_day,uk-birmingham,25
1179,2020-03-22,one_day,uk-london,23
1180,2020-03-22,one_day,uk-manchester,26
1181,2020-03-22,one_day,us-boston,10
1182,2020-03-22,one_day,us-chicago,10
1183,2020-03-22,one_day,us-dc,11
1184,2020-03-22,one_day,us-la,13
1185,2020-03-22,one_day,us-nyc,8
1186,2020-03-22,one_day,us-philadelphia,17
1187,2020-03-22,one_day,us-seattle,18
1188,2020-03-22,one_day,us-sf,9
1189,2020-03-21,one_day,at-vienna,3
1190,2020-03-21,one_day,au-melbourne,46
1191,2020-03-21,one_day,au-sydney,47
1192,2020-03-21,one_day,be-brussels,7
1193,2020-03-21,one_day,br-saopaulo,17
1194,2020-03-21,one_day,ca-montreal,23
1195,2020-03-21,one_day,ca-toronto,30
1196,2020-03-21,one_day,ca-vancouver,27
1197,2020-03-21,one_day,de-berlin,12
1198,2020-03-21,one_day,de-hamburg,9
1199,2020-03-21,one_day,de-rhineruhr,13
1200,2020-03-21,one_day,dk-copenhagen,9
1201,2020-03-21,one_day,es-barcelona,4
1202,2020-03-21,one_day,es-madrid,4
1203,2020-03-21,one_day,fr-lyon,4
1204,2020-03-21,one_day,fr-paris,5
1205,2020-03-21,one_day,hk-hongkong,41
1206,2020-03-21,one_day,it-milan,3
1207,2020-03-21,one_day,it-rome,5
1208,2020-03-21,one_day,jp-tokyo,27
1209,2020-03-21,one_day,kr-seoul,39
1210,2020-03-21,one_day,mc-monaco,4
1211,2020-03-21,one_day,mx-df,31
1212,2020-03-21,one_day,nl-randstad,8
1213,2020-03-21,one_day,pt-lisbon,13
1214,2020-03-21,one_day,ru-moscow,53
1215,2020-03-21,one_day,ru-stpetersburg,65
1216,2020-03-21,one_day,se-stockholm,31
1217,2020-03-21,one_day,sg-singapore,75
1218,2020-03-21,one_day,tr-istanbul,11
1219,2020-03-21,one_day,uk-birmingham,31
1220,2020-03-21,one_day,uk-london,23
1221,2020-03-21,one_day,uk-manchester,26
1222,2020-03-21,one_day,us-boston,11
1223,2020-03-21,one_day,us-chicago,12
1224,2020-03-21,one_day,us-dc,14
1225,2020-03-21,one_day,us-la,15
1226,2020-03-21,one_day,us-nyc,10
1227,2020-03-21,one_day,us-philadelphia,19
1228,2020-03-21,one_day,us-seattle,18
1229,2020-03-21,one_day,us-sf,9
1230,2020-03-20,one_day,at-vienna,5
1231,2020-03-20,one_day,au-melbourne,49
1232,2020-03-20,one_day,au-sydney,56
1233,2020-03-20,one_day,be-brussels,7
1234,2020-03-20,one_day,br-saopaulo,19
1235,2020-03-20,one_day,ca-montreal,24
1236,2020-03-20,one_day,ca-toronto,27
1237,2020-03-20,one_day,ca-vancouver,27
1238,2020-03-20,one_day,de-berlin,13
1239,2020-03-20,one_day,de-hamburg,14
1240,2020-03-20,one_day,de-rhineruhr,16
1241,2020-03-20,one_day,dk-copenhagen,8
1242,2020-03-20,one_day,es-barcelona,5
1243,2020-03-20,one_day,es-madrid,4
1244,2020-03-20,one_day,fr-lyon,5
1245,2020-03-20,one_day,fr-paris,6
1246,2020-03-20,one_day,hk-hongkong,44
1247,2020-03-20,one_day,it-milan,4
1248,2020-03-20,one_day,it-rome,5
1249,2020-03-20,one_day,jp-tokyo,35
1250,2020-03-20,one_day,kr-seoul,44
1251,2020-03-20,one_day,mc-monaco,8
1252,2020-03-20,one_day,mx-df,42
1253,2020-03-20,one_day,nl-randstad,8
1254,2020-03-20,one_day,pt-lisbon,13
1255,2020-03-20,one_day,ru-moscow,56
1256,2020-03-20,one_day,ru-stpetersburg,72
1257,2020-03-20,one_day,se-stockholm,30
1258,2020-03-20,one_day,sg-singapore,73
1259,2020-03-20,one_day,tr-istanbul,14
1260,2020-03-20,one_day,uk-birmingham,38
1261,2020-03-20,one_day,uk-london,31
1262,2020-03-20,one_day,uk-manchester,36
1263,2020-03-20,one_day,us-boston,12
1264,2020-03-20,one_day,us-chicago,13
1265,2020-03-20,one_day,us-dc,12
1266,2020-03-20,one_day,us-la,19
1267,2020-03-20,one_day,us-nyc,12
1268,2020-03-20,one_day,us-philadelphia,19
1269,2020-03-20,one_day,us-seattle,16
1270,2020-03-20,one_day,us-sf,9
1271,2020-03-19,one_day,at-vienna,7
1272,2020-03-19,one_day,au-melbourne,50
1273,2020-03-19,one_day,au-sydney,54
1274,2020-03-19,one_day,be-brussels,9
1275,2020-03-19,one_day,br-saopaulo,25
1276,2020-03-19,one_day,ca-montreal,27
1277,2020-03-19,one_day,ca-toronto,31
1278,2020-03-19,one_day,ca-vancouver,34
1279,2020-03-19,one_day,de-berlin,18
1280,2020-03-19,one_day,de-hamburg,19
1281,2020-03-19,one_day,de-rhineruhr,22
1282,2020-03-19,one_day,dk-copenhagen,13
1283,2020-03-19,one_day,es-barcelona,5
1284,2020-03-19,one_day,es-madrid,5
1285,2020-03-19,one_day,fr-lyon,5
1286,2020-03-19,one_day,fr-paris,7
1287,2020-03-19,one_day,hk-hongkong,46
1288,2020-03-19,one_day,it-milan,4
1289,2020-03-19,one_day,it-rome,6
1290,2020-03-19,one_day,jp-tokyo,37
1291,2020-03-19,one_day,kr-seoul,36
1292,2020-03-19,one_day,mc-monaco,10
1293,2020-03-19,one_day,mx-df,48
1294,2020-03-19,one_day,nl-randstad,10
1295,2020-03-19,one_day,pt-lisbon,17
1296,2020-03-19,one_day,ru-moscow,64
1297,2020-03-19,one_day,ru-stpetersburg,76
1298,2020-03-19,one_day,se-stockholm,36
1299,2020-03-19,one_day,sg-singapore,73
1300,2020-03-19,one_day,tr-istanbul,16
1301,2020-03-19,one_day,uk-birmingham,42
1302,2020-03-19,one_day,uk-london,39
1303,2020-03-19,one_day,uk-manchester,38
1304,2020-03-19,one_day,us-boston,12
1305,2020-03-19,one_day,us-chicago,14
1306,2020-03-19,one_day,us-dc,13
1307,2020-03-19,one_day,us-la,20
1308,2020-03-19,one_day,us-nyc,13
1309,2020-03-19,one_day,us-philadelphia,19
1310,2020-03-19,one_day,us-seattle,17
1311,2020-03-19,one_day,us-sf,9
1312,2020-03-18,one_day,at-vienna,9
1313,2020-03-18,one_day,au-melbourne,53
1314,2020-03-18,one_day,au-sydney,56
1315,2020-03-18,one_day,be-brussels,15
1316,2020-03-18,one_day,br-saopaulo,33
1317,2020-03-18,one_day,ca-montreal,31
1318,2020-03-18,one_day,ca-toronto,32
1319,2020-03-18,one_day,ca-vancouver,38
1320,2020-03-18,one_day,de-berlin,26
1321,2020-03-18,one_day,de-hamburg,20
1322,2020-03-18,one_day,de-rhineruhr,28
1323,2020-03-18,one_day,dk-copenhagen,11
1324,2020-03-18,one_day,es-barcelona,6
1325,2020-03-18,one_day,es-madrid,5
1326,2020-03-18,one_day,fr-lyon,6
1327,2020-03-18,one_day,fr-paris,8
1328,2020-03-18,one_day,hk-hongkong,48
1329,2020-03-18,one_day,it-milan,5
1330,2020-03-18,one_day,it-rome,6
1331,2020-03-18,one_day,jp-tokyo,42
1332,2020-03-18,one_day,kr-seoul,41
1333,2020-03-18,one_day,mc-monaco,12
1334,2020-03-18,one_day,mx-df,53
1335,2020-03-18,one_day,nl-randstad,13
1336,2020-03-18,one_day,pt-lisbon,24
1337,2020-03-18,one_day,ru-moscow,75
1338,2020-03-18,one_day,ru-stpetersburg,85
1339,2020-03-18,one_day,se-stockholm,34
1340,2020-03-18,one_day,sg-singapore,79
1341,2020-03-18,one_day,tr-istanbul,20
1342,2020-03-18,one_day,uk-birmingham,45
1343,2020-03-18,one_day,uk-london,36
1344,2020-03-18,one_day,uk-manchester,42
1345,2020-03-18,one_day,us-boston,16
1346,2020-03-18,one_day,us-chicago,16
1347,2020-03-18,one_day,us-dc,15
1348,2020-03-18,one_day,us-la,23
1349,2020-03-18,one_day,us-nyc,17
1350,2020-03-18,one_day,us-philadelphia,22
1351,2020-03-18,one_day,us-seattle,19
1352,2020-03-18,one_day,us-sf,9
1353,2020-03-17,one_day,at-vienna,8
1354,2020-03-17,one_day,au-melbourne,66
1355,2020-03-17,one_day,au-sydney,61
1356,2020-03-17,one_day,be-brussels,23
1357,2020-03-17,one_day,br-saopaulo,45
1358,2020-03-17,one_day,ca-montreal,34
1359,2020-03-17,one_day,ca-toronto,40
1360,2020-03-17,one_day,ca-vancouver,45
1361,2020-03-17,one_day,de-berlin,28
1362,2020-03-17,one_day,de-hamburg,27
1363,2020-03-17,one_day,de-rhineruhr,27
1364,2020-03-17,one_day,dk-copenhagen,15
1365,2020-03-17,one_day,es-barcelona,8
1366,2020-03-17,one_day,es-madrid,6
1367,2020-03-17,one_day,fr-lyon,14
1368,2020-03-17,one_day,fr-paris,15
1369,2020-03-17,one_day,hk-hongkong,52
1370,2020-03-17,one_day,it-milan,6
1371,2020-03-17,one_day,it-rome,6
1372,2020-03-17,one_day,jp-tokyo,46
1373,2020-03-17,one_day,kr-seoul,40
1374,2020-03-17,one_day,mc-monaco,20
1375,2020-03-17,one_day,mx-df,62
1376,2020-03-17,one_day,nl-randstad,16
1377,2020-03-17,one_day,pt-lisbon,27
1378,2020-03-17,one_day,ru-moscow,82
1379,2020-03-17,one_day,ru-stpetersburg,89
1380,2020-03-17,one_day,se-stockholm,39
1381,2020-03-17,one_day,sg-singapore,81
1382,2020-03-17,one_day,tr-istanbul,31
1383,2020-03-17,one_day,uk-birmingham,55
1384,2020-03-17,one_day,uk-london,44
1385,2020-03-17,one_day,uk-manchester,47
1386,2020-03-17,one_day,us-boston,19
1387,2020-03-17,one_day,us-chicago,21
1388,2020-03-17,one_day,us-dc,19
1389,2020-03-17,one_day,us-la,27
1390,2020-03-17,one_day,us-nyc,20
1391,2020-03-17,one_day,us-philadelphia,28
1392,2020-03-17,one_day,us-seattle,23
1393,2020-03-17,one_day,us-sf,14
1394,2020-03-16,one_day,at-vienna,15
1395,2020-03-16,one_day,au-melbourne,79
1396,2020-03-16,one_day,au-sydney,66
1397,2020-03-16,one_day,be-brussels,33
1398,2020-03-16,one_day,br-saopaulo,62
1399,2020-03-16,one_day,ca-montreal,51
1400,2020-03-16,one_day,ca-toronto,51
1401,2020-03-16,one_day,ca-vancouver,67
1402,2020-03-16,one_day,de-berlin,41
1403,2020-03-16,one_day,de-hamburg,39
1404,2020-03-16,one_day,de-rhineruhr,35
1405,2020-03-16,one_day,dk-copenhagen,17
1406,2020-03-16,one_day,es-barcelona,12
1407,2020-03-16,one_day,es-madrid,9
1408,2020-03-16,one_day,fr-lyon,36
1409,2020-03-16,one_day,fr-paris,33
1410,2020-03-16,one_day,hk-hongkong,54
1411,2020-03-16,one_day,it-milan,7
1412,2020-03-16,one_day,it-rome,8
1413,2020-03-16,one_day,jp-tokyo,37
1414,2020-03-16,one_day,kr-seoul,44
1415,2020-03-16,one_day,mc-monaco,33
1416,2020-03-16,one_day,mx-df,43
1417,2020-03-16,one_day,nl-randstad,28
1418,2020-03-16,one_day,pt-lisbon,35
1419,2020-03-16,one_day,ru-moscow,85
1420,2020-03-16,one_day,ru-stpetersburg,100
1421,2020-03-16,one_day,se-stockholm,52
1422,2020-03-16,one_day,sg-singapore,80
1423,2020-03-16,one_day,tr-istanbul,49
1424,2020-03-16,one_day,uk-birmingham,65
1425,2020-03-16,one_day,uk-london,60
1426,2020-03-16,one_day,uk-manchester,68
1427,2020-03-16,one_day,us-boston,28
1428,2020-03-16,one_day,us-chicago,34
1429,2020-03-16,one_day,us-dc,32
1430,2020-03-16,one_day,us-la,39
1431,2020-03-16,one_day,us-nyc,30
1432,2020-03-16,one_day,us-philadelphia,38
1433,2020-03-16,one_day,us-seattle,28
1434,2020-03-16,one_day,us-sf,33
1435,2020-03-15,one_day,at-vienna,30
1436,2020-03-15,one_day,au-melbourne,81
1437,2020-03-15,one_day,au-sydney,75
1438,2020-03-15,one_day,be-brussels,33
1439,2020-03-15,one_day,br-saopaulo,73
1440,2020-03-15,one_day,ca-montreal,69
1441,2020-03-15,one_day,ca-toronto,67
1442,2020-03-15,one_day,ca-vancouver,70
1443,2020-03-15,one_day,de-berlin,45
1444,2020-03-15,one_day,de-hamburg,45
1445,2020-03-15,one_day,de-rhineruhr,44
1446,2020-03-15,one_day,dk-copenhagen,21
1447,2020-03-15,one_day,es-barcelona,16
1448,2020-03-15,one_day,es-madrid,10
1449,2020-03-15,one_day,fr-lyon,53
1450,2020-03-15,one_day,fr-paris,47
1451,2020-03-15,one_day,hk-hongkong,55
1452,2020-03-15,one_day,it-milan,5
1453,2020-03-15,one_day,it-rome,5
1454,2020-03-15,one_day,jp-tokyo,39
1455,2020-03-15,one_day,kr-seoul,38
1456,2020-03-15,one_day,mc-monaco,30
1457,2020-03-15,one_day,mx-df,82
1458,2020-03-15,one_day,nl-randstad,43
1459,2020-03-15,one_day,pt-lisbon,45
1460,2020-03-15,one_day,ru-moscow,80
1461,2020-03-15,one_day,ru-stpetersburg,97
1462,2020-03-15,one_day,se-stockholm,53
1463,2020-03-15,one_day,sg-singapore,82
1464,2020-03-15,one_day,tr-istanbul,52
1465,2020-03-15,one_day,uk-birmingham,72
1466,2020-03-15,one_day,uk-london,67
1467,2020-03-15,one_day,uk-manchester,77
1468,2020-03-15,one_day,us-boston,35
1469,2020-03-15,one_day,us-chicago,49
1470,2020-03-15,one_day,us-dc,35
1471,2020-03-15,one_day,us-la,44
1472,2020-03-15,one_day,us-nyc,36
1473,2020-03-15,one_day,us-philadelphia,39
1474,2020-03-15,one_day,us-seattle,42
1475,2020-03-15,one_day,us-sf,38
1476,2020-03-14,one_day,at-vienna,41
1477,2020-03-14,one_day,au-melbourne,89
1478,2020-03-14,one_day,au-sydney,72
1479,2020-03-14,one_day,be-brussels,38
1480,2020-03-14,one_day,br-saopaulo,88
1481,2020-03-14,one_day,ca-montreal,79
1482,2020-03-14,one_day,ca-toronto,72
1483,2020-03-14,one_day,ca-vancouver,74
1484,2020-03-14,one_day,de-berlin,54
1485,2020-03-14,one_day,de-hamburg,48
1486,2020-03-14,one_day,de-rhineruhr,48
1487,2020-03-14,one_day,dk-copenhagen,27
1488,2020-03-14,one_day,es-barcelona,24
1489,2020-03-14,one_day,es-madrid,11
1490,2020-03-14,one_day,fr-lyon,75
1491,2020-03-14,one_day,fr-paris,65
1492,2020-03-14,one_day,hk-hongkong,56
1493,2020-03-14,one_day,it-milan,5
1494,2020-03-14,one_day,it-rome,7
1495,2020-03-14,one_day,jp-tokyo,39
1496,2020-03-14,one_day,kr-seoul,40
1497,2020-03-14,one_day,mc-monaco,35
1498,2020-03-14,one_day,mx-df,91
1499,2020-03-14,one_day,nl-randstad,52
1500,2020-03-14,one_day,pt-lisbon,62
1501,2020-03-14,one_day,ru-moscow,100
1502,2020-03-14,one_day,ru-stpetersburg,98
1503,2020-03-14,one_day,se-stockholm,65
1504,2020-03-14,one_day,sg-singapore,85
1505,2020-03-14,one_day,tr-istanbul,73
1506,2020-03-14,one_day,uk-birmingham,84
1507,2020-03-14,one_day,uk-london,75
1508,2020-03-14,one_day,uk-manchester,81
1509,2020-03-14,one_day,us-boston,42
1510,2020-03-14,one_day,us-chicago,54
1511,2020-03-14,one_day,us-dc,47
1512,2020-03-14,one_day,us-la,50
1513,2020-03-14,one_day,us-nyc,47
1514,2020-03-14,one_day,us-philadelphia,50
1515,2020-03-14,one_day,us-seattle,36
1516,2020-03-14,one_day,us-sf,40
1517,2020-03-13,one_day,at-vienna,51
1518,2020-03-13,one_day,au-melbourne,95
1519,2020-03-13,one_day,au-sydney,92
1520,2020-03-13,one_day,be-brussels,68
1521,2020-03-13,one_day,br-saopaulo,96
1522,2020-03-13,one_day,ca-montreal,87
1523,2020-03-13,one_day,ca-toronto,78
1524,2020-03-13,one_day,ca-vancouver,76
1525,2020-03-13,one_day,de-berlin,60
1526,2020-03-13,one_day,de-hamburg,59
1527,2020-03-13,one_day,de-rhineruhr,52
1528,2020-03-13,one_day,dk-copenhagen,31
1529,2020-03-13,one_day,es-barcelona,47
1530,2020-03-13,one_day,es-madrid,23
1531,2020-03-13,one_day,fr-lyon,81
1532,2020-03-13,one_day,fr-paris,74
1533,2020-03-13,one_day,hk-hongkong,53
1534,2020-03-13,one_day,it-milan,6
1535,2020-03-13,one_day,it-rome,7
1536,2020-03-13,one_day,jp-tokyo,46
1537,2020-03-13,one_day,kr-seoul,41
1538,2020-03-13,one_day,mc-monaco,50
1539,2020-03-13,one_day,mx-df,101
1540,2020-03-13,one_day,nl-randstad,60
1541,2020-03-13,one_day,pt-lisbon,68
1542,2020-03-13,one_day,ru-moscow,95
1543,2020-03-13,one_day,ru-stpetersburg,97
1544,2020-03-13,one_day,se-stockholm,66
1545,2020-03-13,one_day,sg-singapore,83
1546,2020-03-13,one_day,tr-istanbul,89
1547,2020-03-13,one_day,uk-birmingham,89
1548,2020-03-13,one_day,uk-london,75
1549,2020-03-13,one_day,uk-manchester,89
1550,2020-03-13,one_day,us-boston,49
1551,2020-03-13,one_day,us-chicago,66
1552,2020-03-13,one_day,us-dc,54
1553,2020-03-13,one_day,us-la,56
1554,2020-03-13,one_day,us-nyc,54
1555,2020-03-13,one_day,us-philadelphia,56
1556,2020-03-13,one_day,us-seattle,41
1557,2020-03-13,one_day,us-sf,49
1558,2020-03-12,one_day,at-vienna,80
1559,2020-03-12,one_day,au-melbourne,102
1560,2020-03-12,one_day,au-sydney,100
1561,2020-03-12,one_day,be-brussels,82
1562,2020-03-12,one_day,br-saopaulo,107
1563,2020-03-12,one_day,ca-montreal,100
1564,2020-03-12,one_day,ca-toronto,87
1565,2020-03-12,one_day,ca-vancouver,91
1566,2020-03-12,one_day,de-berlin,72
1567,2020-03-12,one_day,de-hamburg,67
1568,2020-03-12,one_day,de-rhineruhr,67
1569,2020-03-12,one_day,dk-copenhagen,56
1570,2020-03-12,one_day,es-barcelona,69
1571,2020-03-12,one_day,es-madrid,41
1572,2020-03-12,one_day,fr-lyon,89
1573,2020-03-12,one_day,fr-paris,81
1574,2020-03-12,one_day,hk-hongkong,54
1575,2020-03-12,one_day,it-milan,7
1576,2020-03-12,one_day,it-rome,11
1577,2020-03-12,one_day,jp-tokyo,50
1578,2020-03-12,one_day,kr-seoul,45
1579,2020-03-12,one_day,mc-monaco,55
1580,2020-03-12,one_day,mx-df,102
1581,2020-03-12,one_day,nl-randstad,74
1582,2020-03-12,one_day,pt-lisbon,85
1583,2020-03-12,one_day,ru-moscow,100
1584,2020-03-12,one_day,ru-stpetersburg,105
1585,2020-03-12,one_day,se-stockholm,71
1586,2020-03-12,one_day,sg-singapore,84
1587,2020-03-12,one_day,tr-istanbul,98
1588,2020-03-12,one_day,uk-birmingham,95
1589,2020-03-12,one_day,uk-london,84
1590,2020-03-12,one_day,uk-manchester,88
1591,2020-03-12,one_day,us-boston,62
1592,2020-03-12,one_day,us-chicago,80
1593,2020-03-12,one_day,us-dc,66
1594,2020-03-12,one_day,us-la,71
1595,2020-03-12,one_day,us-nyc,70
1596,2020-03-12,one_day,us-philadelphia,70
1597,2020-03-12,one_day,us-seattle,43
1598,2020-03-12,one_day,us-sf,57
1599,2020-03-11,one_day,at-vienna,92
1600,2020-03-11,one_day,au-melbourne,110
1601,2020-03-11,one_day,au-sydney,99
1602,2020-03-11,one_day,be-brussels,96
1603,2020-03-11,one_day,br-saopaulo,113
1604,2020-03-11,one_day,ca-montreal,104
1605,2020-03-11,one_day,ca-toronto,91
1606,2020-03-11,one_day,ca-vancouver,89
1607,2020-03-11,one_day,de-berlin,86
1608,2020-03-11,one_day,de-hamburg,72
1609,2020-03-11,one_day,de-rhineruhr,72
1610,2020-03-11,one_day,dk-copenhagen,80
1611,2020-03-11,one_day,es-barcelona,86
1612,2020-03-11,one_day,es-madrid,65
1613,2020-03-11,one_day,fr-lyon,97
1614,2020-03-11,one_day,fr-paris,89
1615,2020-03-11,one_day,hk-hongkong,52
1616,2020-03-11,one_day,it-milan,10
1617,2020-03-11,one_day,it-rome,16
1618,2020-03-11,one_day,jp-tokyo,54
1619,2020-03-11,one_day,kr-seoul,43
1620,2020-03-11,one_day,mc-monaco,50
1621,2020-03-11,one_day,mx-df,110
1622,2020-03-11,one_day,nl-randstad,86
1623,2020-03-11,one_day,pt-lisbon,108
1624,2020-03-11,one_day,ru-moscow,113
1625,2020-03-11,one_day,ru-stpetersburg,114
1626,2020-03-11,one_day,se-stockholm,83
1627,2020-03-11,one_day,sg-singapore,88
1628,2020-03-11,one_day,tr-istanbul,103
1629,2020-03-11,one_day,uk-birmingham,91
1630,2020-03-11,one_day,uk-london,91
1631,2020-03-11,one_day,uk-manchester,91
1632,2020-03-11,one_day,us-boston,77
1633,2020-03-11,one_day,us-chicago,92
1634,2020-03-11,one_day,us-dc,82
1635,2020-03-11,one_day,us-la,81
1636,2020-03-11,one_day,us-nyc,85
1637,2020-03-11,one_day,us-philadelphia,85
1638,2020-03-11,one_day,us-seattle,51
1639,2020-03-11,one_day,us-sf,65
1640,2020-03-10,one_day,at-vienna,103
1641,2020-03-10,one_day,au-melbourne,106
1642,2020-03-10,one_day,au-sydney,98
1643,2020-03-10,one_day,be-brussels,87
1644,2020-03-10,one_day,br-saopaulo,117
1645,2020-03-10,one_day,ca-montreal,99
1646,2020-03-10,one_day,ca-toronto,95
1647,2020-03-10,one_day,ca-vancouver,91
1648,2020-03-10,one_day,de-berlin,83
1649,2020-03-10,one_day,de-hamburg,74
1650,2020-03-10,one_day,de-rhineruhr,68
1651,2020-03-10,one_day,dk-copenhagen,86
1652,2020-03-10,one_day,es-barcelona,92
1653,2020-03-10,one_day,es-madrid,78
1654,2020-03-10,one_day,fr-lyon,99
1655,2020-03-10,one_day,fr-paris,88
1656,2020-03-10,one_day,hk-hongkong,55
1657,2020-03-10,one_day,it-milan,13
1658,2020-03-10,one_day,it-rome,23
1659,2020-03-10,one_day,jp-tokyo,57
1660,2020-03-10,one_day,kr-seoul,41
1661,2020-03-10,one_day,mc-monaco,74
1662,2020-03-10,one_day,mx-df,95
1663,2020-03-10,one_day,nl-randstad,86
1664,2020-03-10,one_day,pt-lisbon,113
1665,2020-03-10,one_day,ru-moscow,106
1666,2020-03-10,one_day,ru-stpetersburg,106
1667,2020-03-10,one_day,se-stockholm,87
1668,2020-03-10,one_day,sg-singapore,95
1669,2020-03-10,one_day,tr-istanbul,114
1670,2020-03-10,one_day,uk-birmingham,98
1671,2020-03-10,one_day,uk-london,97
1672,2020-03-10,one_day,uk-manchester,93
1673,2020-03-10,one_day,us-boston,81
1674,2020-03-10,one_day,us-chicago,95
1675,2020-03-10,one_day,us-dc,83
1676,2020-03-10,one_day,us-la,92
1677,2020-03-10,one_day,us-nyc,90
1678,2020-03-10,one_day,us-philadelphia,85
1679,2020-03-10,one_day,us-seattle,56
1680,2020-03-10,one_day,us-sf,74
1681,2020-03-09,one_day,at-vienna,114
1682,2020-03-09,one_day,au-melbourne,93
1683,2020-03-09,one_day,au-sydney,107
1684,2020-03-09,one_day,be-brussels,103
1685,2020-03-09,one_day,br-saopaulo,112
1686,2020-03-09,one_day,ca-montreal,96
1687,2020-03-09,one_day,ca-toronto,94
1688,2020-03-09,one_day,ca-vancouver,93
1689,2020-03-09,one_day,de-berlin,94
1690,2020-03-09,one_day,de-hamburg,87
1691,2020-03-09,one_day,de-rhineruhr,71
1692,2020-03-09,one_day,dk-copenhagen,97
1693,2020-03-09,one_day,es-barcelona,104
1694,2020-03-09,one_day,es-madrid,100
1695,2020-03-09,one_day,fr-lyon,99
1696,2020-03-09,one_day,fr-paris,86
1697,2020-03-09,one_day,hk-hongkong,54
1698,2020-03-09,one_day,it-milan,19
1699,2020-03-09,one_day,it-rome,43
1700,2020-03-09,one_day,jp-tokyo,50
1701,2020-03-09,one_day,kr-seoul,46
1702,2020-03-09,one_day,mc-monaco,70
1703,2020-03-09,one_day,mx-df,74
1704,2020-03-09,one_day,nl-randstad,93
1705,2020-03-09,one_day,pt-lisbon,120
1706,2020-03-09,one_day,ru-moscow,86
1707,2020-03-09,one_day,ru-stpetersburg,90
1708,2020-03-09,one_day,se-stockholm,92
1709,2020-03-09,one_day,sg-singapore,87
1710,2020-03-09,one_day,tr-istanbul,126
1711,2020-03-09,one_day,uk-birmingham,100
1712,2020-03-09,one_day,uk-london,97
1713,2020-03-09,one_day,uk-manchester,101
1714,2020-03-09,one_day,us-boston,92
1715,2020-03-09,one_day,us-chicago,105
1716,2020-03-09,one_day,us-dc,94
1717,2020-03-09,one_day,us-la,103
1718,2020-03-09,one_day,us-nyc,97
1719,2020-03-09,one_day,us-philadelphia,100
1720,2020-03-09,one_day,us-seattle,56
1721,2020-03-09,one_day,us-sf,83
1722,2020-03-08,one_day,at-vienna,102
1723,2020-03-08,one_day,au-melbourne,93
1724,2020-03-08,one_day,au-sydney,109
1725,2020-03-08,one_day,be-brussels,107
1726,2020-03-08,one_day,br-saopaulo,105
1727,2020-03-08,one_day,ca-montreal,113
1728,2020-03-08,one_day,ca-toronto,106
1729,2020-03-08,one_day,ca-vancouver,98
1730,2020-03-08,one_day,de-berlin,97
1731,2020-03-08,one_day,de-hamburg,88
1732,2020-03-08,one_day,de-rhineruhr,81
1733,2020-03-08,one_day,dk-copenhagen,101
1734,2020-03-08,one_day,es-barcelona,107
1735,2020-03-08,one_day,es-madrid,103
1736,2020-03-08,one_day,fr-lyon,94
1737,2020-03-08,one_day,fr-paris,95
1738,2020-03-08,one_day,hk-hongkong,53
1739,2020-03-08,one_day,it-milan,23
1740,2020-03-08,one_day,it-rome,51
1741,2020-03-08,one_day,jp-tokyo,53
1742,2020-03-08,one_day,kr-seoul,51
1743,2020-03-08,one_day,mc-monaco,64
1744,2020-03-08,one_day,mx-df,132
1745,2020-03-08,one_day,nl-randstad,97
1746,2020-03-08,one_day,pt-lisbon,118
1747,2020-03-08,one_day,ru-moscow,97
1748,2020-03-08,one_day,ru-stpetersburg,99
1749,2020-03-08,one_day,se-stockholm,99
1750,2020-03-08,one_day,sg-singapore,88
1751,2020-03-08,one_day,tr-istanbul,141
1752,2020-03-08,one_day,uk-birmingham,100
1753,2020-03-08,one_day,uk-london,94
1754,2020-03-08,one_day,uk-manchester,108
1755,2020-03-08,one_day,us-boston,89
1756,2020-03-08,one_day,us-chicago,107
1757,2020-03-08,one_day,us-dc,98
1758,2020-03-08,one_day,us-la,98
1759,2020-03-08,one_day,us-nyc,101
1760,2020-03-08,one_day,us-philadelphia,103
1761,2020-03-08,one_day,us-seattle,74
1762,2020-03-08,one_day,us-sf,88
1763,2020-03-07,one_day,at-vienna,121
1764,2020-03-07,one_day,au-melbourne,104
1765,2020-03-07,one_day,au-sydney,108
1766,2020-03-07,one_day,be-brussels,112
1767,2020-03-07,one_day,br-saopaulo,120
1768,2020-03-07,one_day,ca-montreal,107
1769,2020-03-07,one_day,ca-toronto,109
1770,2020-03-07,one_day,ca-vancouver,99
1771,2020-03-07,one_day,de-berlin,92
1772,2020-03-07,one_day,de-hamburg,93
1773,2020-03-07,one_day,de-rhineruhr,80
1774,2020-03-07,one_day,dk-copenhagen,111
1775,2020-03-07,one_day,es-barcelona,110
1776,2020-03-07,one_day,es-madrid,98
1777,2020-03-07,one_day,fr-lyon,89
1778,2020-03-07,one_day,fr-paris,99
1779,2020-03-07,one_day,hk-hongkong,55
1780,2020-03-07,one_day,it-milan,34
1781,2020-03-07,one_day,it-rome,59
1782,2020-03-07,one_day,jp-tokyo,56
1783,2020-03-07,one_day,kr-seoul,43
1784,2020-03-07,one_day,mc-monaco,65
1785,2020-03-07,one_day,mx-df,114
1786,2020-03-07,one_day,nl-randstad,106
1787,2020-03-07,one_day,pt-lisbon,127
1788,2020-03-07,one_day,ru-moscow,102
1789,2020-03-07,one_day,ru-stpetersburg,114
1790,2020-03-07,one_day,se-stockholm,106
1791,2020-03-07,one_day,sg-singapore,89
1792,2020-03-07,one_day,tr-istanbul,144
1793,2020-03-07,one_day,uk-birmingham,111
1794,2020-03-07,one_day,uk-london,97
1795,2020-03-07,one_day,uk-manchester,102
1796,2020-03-07,one_day,us-boston,93
1797,2020-03-07,one_day,us-chicago,109
1798,2020-03-07,one_day,us-dc,101
1799,2020-03-07,one_day,us-la,96
1800,2020-03-07,one_day,us-nyc,103
1801,2020-03-07,one_day,us-philadelphia,101
1802,2020-03-07,one_day,us-seattle,68
1803,2020-03-07,one_day,us-sf,85
1804,2020-03-06,one_day,at-vienna,125
1805,2020-03-06,one_day,au-melbourne,104
1806,2020-03-06,one_day,au-sydney,107
1807,2020-03-06,one_day,be-brussels,112
1808,2020-03-06,one_day,br-saopaulo,117
1809,2020-03-06,one_day,ca-montreal,102
1810,2020-03-06,one_day,ca-toronto,100
1811,2020-03-06,one_day,ca-vancouver,93
1812,2020-03-06,one_day,de-berlin,92
1813,2020-03-06,one_day,de-hamburg,88
1814,2020-03-06,one_day,de-rhineruhr,86
1815,2020-03-06,one_day,dk-copenhagen,103
1816,2020-03-06,one_day,es-barcelona,105
1817,2020-03-06,one_day,es-madrid,101
1818,2020-03-06,one_day,fr-lyon,80
1819,2020-03-06,one_day,fr-paris,99
1820,2020-03-06,one_day,hk-hongkong,54
1821,2020-03-06,one_day,it-milan,37
1822,2020-03-06,one_day,it-rome,66
1823,2020-03-06,one_day,jp-tokyo,63
1824,2020-03-06,one_day,kr-seoul,46
1825,2020-03-06,one_day,mc-monaco,75
1826,2020-03-06,one_day,mx-df,109
1827,2020-03-06,one_day,nl-randstad,107
1828,2020-03-06,one_day,pt-lisbon,123
1829,2020-03-06,one_day,ru-moscow,108
1830,2020-03-06,one_day,ru-stpetersburg,112
1831,2020-03-06,one_day,se-stockholm,105
1832,2020-03-06,one_day,sg-singapore,90
1833,2020-03-06,one_day,tr-istanbul,127
1834,2020-03-06,one_day,uk-birmingham,108
1835,2020-03-06,one_day,uk-london,99
1836,2020-03-06,one_day,uk-manchester,105
1837,2020-03-06,one_day,us-boston,102
1838,2020-03-06,one_day,us-chicago,101
1839,2020-03-06,one_day,us-dc,92
1840,2020-03-06,one_day,us-la,100
1841,2020-03-06,one_day,us-nyc,103
1842,2020-03-06,one_day,us-philadelphia,95
1843,2020-03-06,one_day,us-seattle,71
1844,2020-03-06,one_day,us-sf,93
1845,2020-03-05,one_day,at-vienna,134
1846,2020-03-05,one_day,au-melbourne,106
1847,2020-03-05,one_day,au-sydney,105
1848,2020-03-05,one_day,be-brussels,109
1849,2020-03-05,one_day,br-saopaulo,118
1850,2020-03-05,one_day,ca-montreal,104
1851,2020-03-05,one_day,ca-toronto,105
1852,2020-03-05,one_day,ca-vancouver,102
1853,2020-03-05,one_day,de-berlin,92
1854,2020-03-05,one_day,de-hamburg,87
1855,2020-03-05,one_day,de-rhineruhr,82
1856,2020-03-05,one_day,dk-copenhagen,96
1857,2020-03-05,one_day,es-barcelona,106
1858,2020-03-05,one_day,es-madrid,101
1859,2020-03-05,one_day,fr-lyon,77
1860,2020-03-05,one_day,fr-paris,98
1861,2020-03-05,one_day,hk-hongkong,52
1862,2020-03-05,one_day,it-milan,39
1863,2020-03-05,one_day,it-rome,74
1864,2020-03-05,one_day,jp-tokyo,61
1865,2020-03-05,one_day,kr-seoul,46
1866,2020-03-05,one_day,mc-monaco,60
1867,2020-03-05,one_day,mx-df,108
1868,2020-03-05,one_day,nl-randstad,109
1869,2020-03-05,one_day,pt-lisbon,125
1870,2020-03-05,one_day,ru-moscow,103
1871,2020-03-05,one_day,ru-stpetersburg,113
1872,2020-03-05,one_day,se-stockholm,98
1873,2020-03-05,one_day,sg-singapore,87
1874,2020-03-05,one_day,tr-istanbul,117
1875,2020-03-05,one_day,uk-birmingham,104
1876,2020-03-05,one_day,uk-london,101
1877,2020-03-05,one_day,uk-manchester,100
1878,2020-03-05,one_day,us-boston,97
1879,2020-03-05,one_day,us-chicago,100
1880,2020-03-05,one_day,us-dc,96
1881,2020-03-05,one_day,us-la,104
1882,2020-03-05,one_day,us-nyc,102
1883,2020-03-05,one_day,us-philadelphia,96
1884,2020-03-05,one_day,us-seattle,72
1885,2020-03-05,one_day,us-sf,95
1886,2020-03-04,one_day,at-vienna,128
1887,2020-03-04,one_day,au-melbourne,113
1888,2020-03-04,one_day,au-sydney,106
1889,2020-03-04,one_day,be-brussels,107
1890,2020-03-04,one_day,br-saopaulo,112
1891,2020-03-04,one_day,ca-montreal,103
1892,2020-03-04,one_day,ca-toronto,97
1893,2020-03-04,one_day,ca-vancouver,94
1894,2020-03-04,one_day,de-berlin,93
1895,2020-03-04,one_day,de-hamburg,85
1896,2020-03-04,one_day,de-rhineruhr,75
1897,2020-03-04,one_day,dk-copenhagen,97
1898,2020-03-04,one_day,es-barcelona,105
1899,2020-03-04,one_day,es-madrid,100
1900,2020-03-04,one_day,fr-lyon,75
1901,2020-03-04,one_day,fr-paris,95
1902,2020-03-04,one_day,hk-hongkong,50
1903,2020-03-04,one_day,it-milan,43
1904,2020-03-04,one_day,it-rome,91
1905,2020-03-04,one_day,jp-tokyo,63
1906,2020-03-04,one_day,kr-seoul,48
1907,2020-03-04,one_day,mc-monaco,81
1908,2020-03-04,one_day,mx-df,109
1909,2020-03-04,one_day,nl-randstad,98
1910,2020-03-04,one_day,pt-lisbon,128
1911,2020-03-04,one_day,ru-moscow,112
1912,2020-03-04,one_day,ru-stpetersburg,114
1913,2020-03-04,one_day,se-stockholm,97
1914,2020-03-04,one_day,sg-singapore,90
1915,2020-03-04,one_day,tr-istanbul,117
1916,2020-03-04,one_day,uk-birmingham,99
1917,2020-03-04,one_day,uk-london,100
1918,2020-03-04,one_day,uk-manchester,100
1919,2020-03-04,one_day,us-boston,97
1920,2020-03-04,one_day,us-chicago,97
1921,2020-03-04,one_day,us-dc,97
1922,2020-03-04,one_day,us-la,108
1923,2020-03-04,one_day,us-nyc,104
1924,2020-03-04,one_day,us-philadelphia,89
1925,2020-03-04,one_day,us-seattle,80
1926,2020-03-04,one_day,us-sf,96
1927,2020-03-03,one_day,at-vienna,114
1928,2020-03-03,one_day,au-melbourne,106
1929,2020-03-03,one_day,au-sydney,109
1930,2020-03-03,one_day,be-brussels,102
1931,2020-03-03,one_day,br-saopaulo,115
1932,2020-03-03,one_day,ca-montreal,100
1933,2020-03-03,one_day,ca-toronto,102
1934,2020-03-03,one_day,ca-vancouver,95
1935,2020-03-03,one_day,de-berlin,94
1936,2020-03-03,one_day,de-hamburg,82
1937,2020-03-03,one_day,de-rhineruhr,79
1938,2020-03-03,one_day,dk-copenhagen,102
1939,2020-03-03,one_day,es-barcelona,105
1940,2020-03-03,one_day,es-madrid,100
1941,2020-03-03,one_day,fr-lyon,76
1942,2020-03-03,one_day,fr-paris,101
1943,2020-03-03,one_day,hk-hongkong,52
1944,2020-03-03,one_day,it-milan,44
1945,2020-03-03,one_day,it-rome,91
1946,2020-03-03,one_day,jp-tokyo,62
1947,2020-03-03,one_day,kr-seoul,51
1948,2020-03-03,one_day,mc-monaco,72
1949,2020-03-03,one_day,mx-df,111
1950,2020-03-03,one_day,nl-randstad,103
1951,2020-03-03,one_day,pt-lisbon,123
1952,2020-03-03,one_day,ru-moscow,117
1953,2020-03-03,one_day,ru-stpetersburg,125
1954,2020-03-03,one_day,se-stockholm,93
1955,2020-03-03,one_day,sg-singapore,91
1956,2020-03-03,one_day,tr-istanbul,124
1957,2020-03-03,one_day,uk-birmingham,105
1958,2020-03-03,one_day,uk-london,102
1959,2020-03-03,one_day,uk-manchester,98
1960,2020-03-03,one_day,us-boston,99
1961,2020-03-03,one_day,us-chicago,99
1962,2020-03-03,one_day,us-dc,95
1963,2020-03-03,one_day,us-la,110
1964,2020-03-03,one_day,us-nyc,102
1965,2020-03-03,one_day,us-philadelphia,96
1966,2020-03-03,one_day,us-seattle,83
1967,2020-03-03,one_day,us-sf,100
1968,2020-03-02,one_day,at-vienna,130
1969,2020-03-02,one_day,au-melbourne,112
1970,2020-03-02,one_day,au-sydney,121
1971,2020-03-02,one_day,be-brussels,106
1972,2020-03-02,one_day,br-saopaulo,112
1973,2020-03-02,one_day,ca-montreal,96
1974,2020-03-02,one_day,ca-toronto,95
1975,2020-03-02,one_day,ca-vancouver,93
1976,2020-03-02,one_day,de-berlin,103
1977,2020-03-02,one_day,de-hamburg,94
1978,2020-03-02,one_day,de-rhineruhr,74
1979,2020-03-02,one_day,dk-copenhagen,103
1980,2020-03-02,one_day,es-barcelona,112
1981,2020-03-02,one_day,es-madrid,107
1982,2020-03-02,one_day,fr-lyon,82
1983,2020-03-02,one_day,fr-paris,95
1984,2020-03-02,one_day,hk-hongkong,52
1985,2020-03-02,one_day,it-milan,45
1986,2020-03-02,one_day,it-rome,97
1987,2020-03-02,one_day,jp-tokyo,60
1988,2020-03-02,one_day,kr-seoul,52
1989,2020-03-02,one_day,mc-monaco,82
1990,2020-03-02,one_day,mx-df,113
1991,2020-03-02,one_day,nl-randstad,110
1992,2020-03-02,one_day,pt-lisbon,120
1993,2020-03-02,one_day,ru-moscow,102
1994,2020-03-02,one_day,ru-stpetersburg,115
1995,2020-03-02,one_day,se-stockholm,98
1996,2020-03-02,one_day,sg-singapore,88
1997,2020-03-02,one_day,tr-istanbul,124
1998,2020-03-02,one_day,uk-birmingham,100
1999,2020-03-02,one_day,uk-london,100
2000,2020-03-02,one_day,uk-manchester,106
2001,2020-03-02,one_day,us-boston,97
2002,2020-03-02,one_day,us-chicago,106
2003,2020-03-02,one_day,us-dc,102
2004,2020-03-02,one_day,us-la,107
2005,2020-03-02,one_day,us-nyc,100
2006,2020-03-02,one_day,us-philadelphia,94
2007,2020-03-02,one_day,us-seattle,83
2008,2020-03-02,one_day,us-sf,100
2009,2020-03-01,one_day,de-hamburg,95
2010,2020-03-01,one_day,de-rhineruhr,74
2011,2020-03-01,one_day,fr-lyon,90
2012,2020-03-01,one_day,hk-hongkong,56
2013,2020-03-01,one_day,it-milan,35
2014,2020-03-01,one_day,it-rome,82
2015,2020-03-01,one_day,jp-tokyo,68
2016,2020-03-01,one_day,kr-seoul,44
2017,2020-03-01,one_day,mc-monaco,76
2018,2020-03-01,one_day,sg-singapore,88
2019,2020-03-01,one_day,us-seattle,107
2020,2020-03-01,one_day,us-sf,93
2021,2020-02-29,one_day,de-hamburg,97
2022,2020-02-29,one_day,de-rhineruhr,78
2023,2020-02-29,one_day,fr-lyon,88
2024,2020-02-29,one_day,hk-hongkong,55
2025,2020-02-29,one_day,it-milan,35
2026,2020-02-29,one_day,it-rome,88
2027,2020-02-29,one_day,jp-tokyo,74
2028,2020-02-29,one_day,kr-seoul,53
2029,2020-02-29,one_day,mc-monaco,71
2030,2020-02-29,one_day,sg-singapore,91
2031,2020-02-29,one_day,us-seattle,107
2032,2020-02-29,one_day,us-sf,99
2033,2020-02-28,one_day,de-hamburg,95
2034,2020-02-28,one_day,de-rhineruhr,80
2035,2020-02-28,one_day,fr-lyon,92
2036,2020-02-28,one_day,hk-hongkong,51
2037,2020-02-28,one_day,it-milan,35
2038,2020-02-28,one_day,it-rome,93
2039,2020-02-28,one_day,jp-tokyo,79
2040,2020-02-28,one_day,kr-seoul,50
2041,2020-02-28,one_day,mc-monaco,93
2042,2020-02-28,one_day,sg-singapore,89
2043,2020-02-28,one_day,us-seattle,99
2044,2020-02-28,one_day,us-sf,102
2045,2020-02-27,one_day,de-hamburg,106
2046,2020-02-27,one_day,de-rhineruhr,88
2047,2020-02-27,one_day,fr-lyon,95
2048,2020-02-27,one_day,hk-hongkong,52
2049,2020-02-27,one_day,it-milan,35
2050,2020-02-27,one_day,it-rome,94
2051,2020-02-27,one_day,jp-tokyo,81
2052,2020-02-27,one_day,kr-seoul,61
2053,2020-02-27,one_day,mc-monaco,72
2054,2020-02-27,one_day,sg-singapore,90
2055,2020-02-27,one_day,us-seattle,99
2056,2020-02-27,one_day,us-sf,104
2057,2020-02-26,one_day,de-hamburg,97
2058,2020-02-26,one_day,de-rhineruhr,87
2059,2020-02-26,one_day,fr-lyon,100
2060,2020-02-26,one_day,hk-hongkong,52
2061,2020-02-26,one_day,it-milan,37
2062,2020-02-26,one_day,it-rome,98
2063,2020-02-26,one_day,jp-tokyo,86
2064,2020-02-26,one_day,kr-seoul,62
2065,2020-02-26,one_day,mc-monaco,78
2066,2020-02-26,one_day,sg-singapore,89
2067,2020-02-26,one_day,us-seattle,98
2068,2020-02-26,one_day,us-sf,100
2069,2020-02-25,one_day,de-hamburg,105
2070,2020-02-25,one_day,de-rhineruhr,84
2071,2020-02-25,one_day,fr-lyon,103
2072,2020-02-25,one_day,hk-hongkong,50
2073,2020-02-25,one_day,it-milan,41
2074,2020-02-25,one_day,it-rome,102
2075,2020-02-25,one_day,jp-tokyo,83
2076,2020-02-25,one_day,kr-seoul,67
2077,2020-02-25,one_day,mc-monaco,72
2078,2020-02-25,one_day,sg-singapore,89
2079,2020-02-25,one_day,us-seattle,98
2080,2020-02-25,one_day,us-sf,107
2081,2020-02-24,one_day,de-hamburg,112
2082,2020-02-24,one_day,de-rhineruhr,95
2083,2020-02-24,one_day,fr-lyon,102
2084,2020-02-24,one_day,hk-hongkong,51
2085,2020-02-24,one_day,it-milan,55
2086,2020-02-24,one_day,it-rome,136
2087,2020-02-24,one_day,jp-tokyo,85
2088,2020-02-24,one_day,kr-seoul,70
2089,2020-02-24,one_day,mc-monaco,91
2090,2020-02-24,one_day,sg-singapore,86
2091,2020-02-24,one_day,us-seattle,88
2092,2020-02-24,one_day,us-sf,109
2093,2020-02-23,one_day,hk-hongkong,52
2094,2020-02-23,one_day,it-milan,76
2095,2020-02-23,one_day,jp-tokyo,92
2096,2020-02-23,one_day,kr-seoul,73
2097,2020-02-23,one_day,mc-monaco,78
2098,2020-02-23,one_day,sg-singapore,86
2099,2020-02-22,one_day,hk-hongkong,53
2100,2020-02-22,one_day,it-milan,102
2101,2020-02-22,one_day,jp-tokyo,90
2102,2020-02-22,one_day,kr-seoul,78
2103,2020-02-22,one_day,mc-monaco,67
2104,2020-02-22,one_day,sg-singapore,91
2105,2020-02-21,one_day,hk-hongkong,49
2106,2020-02-21,one_day,it-milan,113
2107,2020-02-21,one_day,jp-tokyo,85
2108,2020-02-21,one_day,kr-seoul,86
2109,2020-02-21,one_day,mc-monaco,120
2110,2020-02-21,one_day,sg-singapore,88
2111,2020-02-20,one_day,hk-hongkong,51
2112,2020-02-20,one_day,it-milan,128
2113,2020-02-20,one_day,jp-tokyo,81
2114,2020-02-20,one_day,kr-seoul,88
2115,2020-02-20,one_day,mc-monaco,112
2116,2020-02-20,one_day,sg-singapore,85
2117,2020-02-19,one_day,hk-hongkong,50
2118,2020-02-19,one_day,it-milan,130
2119,2020-02-19,one_day,jp-tokyo,79
2120,2020-02-19,one_day,kr-seoul,86
2121,2020-02-19,one_day,mc-monaco,141
2122,2020-02-19,one_day,sg-singapore,87
2123,2020-02-18,one_day,hk-hongkong,49
2124,2020-02-18,one_day,it-milan,124
2125,2020-02-18,one_day,jp-tokyo,87
2126,2020-02-18,one_day,kr-seoul,81
2127,2020-02-18,one_day,mc-monaco,127
2128,2020-02-18,one_day,sg-singapore,88
2129,2020-02-17,one_day,hk-hongkong,48
2130,2020-02-17,one_day,it-milan,123
2131,2020-02-17,one_day,jp-tokyo,91
2132,2020-02-17,one_day,kr-seoul,83
2133,2020-02-17,one_day,mc-monaco,122
2134,2020-02-17,one_day,sg-singapore,87
2135,2020-02-16,one_day,hk-hongkong,43
2136,2020-02-16,one_day,jp-tokyo,93
2137,2020-02-16,one_day,kr-seoul,81
2138,2020-02-16,one_day,sg-singapore,85
2139,2020-02-15,one_day,hk-hongkong,44
2140,2020-02-15,one_day,jp-tokyo,89
2141,2020-02-15,one_day,kr-seoul,95
2142,2020-02-15,one_day,sg-singapore,87
2143,2020-02-14,one_day,hk-hongkong,52
2144,2020-02-14,one_day,jp-tokyo,99
2145,2020-02-14,one_day,kr-seoul,99
2146,2020-02-14,one_day,sg-singapore,89
2147,2020-02-13,one_day,hk-hongkong,44
2148,2020-02-13,one_day,jp-tokyo,91
2149,2020-02-13,one_day,kr-seoul,93
2150,2020-02-13,one_day,sg-singapore,86
2151,2020-02-12,one_day,hk-hongkong,48
2152,2020-02-12,one_day,jp-tokyo,90
2153,2020-02-12,one_day,kr-seoul,81
2154,2020-02-12,one_day,sg-singapore,89
2155,2020-02-11,one_day,hk-hongkong,45
2156,2020-02-11,one_day,jp-tokyo,86
2157,2020-02-11,one_day,kr-seoul,93
2158,2020-02-11,one_day,sg-singapore,86
2159,2020-02-10,one_day,hk-hongkong,48
2160,2020-02-10,one_day,jp-tokyo,80
2161,2020-02-10,one_day,kr-seoul,91
2162,2020-02-10,one_day,sg-singapore,88
2163,2020-02-09,one_day,hk-hongkong,47
2164,2020-02-09,one_day,jp-tokyo,83
2165,2020-02-09,one_day,kr-seoul,96
2166,2020-02-09,one_day,sg-singapore,84
2167,2020-02-08,one_day,hk-hongkong,46
2168,2020-02-08,one_day,jp-tokyo,82
2169,2020-02-08,one_day,kr-seoul,92
2170,2020-02-08,one_day,sg-singapore,90
2171,2020-02-07,one_day,hk-hongkong,47
2172,2020-02-07,one_day,jp-tokyo,92
2173,2020-02-07,one_day,kr-seoul,95
2174,2020-02-07,one_day,sg-singapore,95
2175,2020-02-06,one_day,hk-hongkong,47
2176,2020-02-06,one_day,jp-tokyo,84
2177,2020-02-06,one_day,kr-seoul,92
2178,2020-02-06,one_day,sg-singapore,98
2179,2020-02-05,one_day,hk-hongkong,48
2180,2020-02-05,one_day,jp-tokyo,82
2181,2020-02-05,one_day,kr-seoul,88
2182,2020-02-05,one_day,sg-singapore,101
2183,2020-02-04,one_day,hk-hongkong,52
2184,2020-02-04,one_day,jp-tokyo,93
2185,2020-02-04,one_day,kr-seoul,94
2186,2020-02-04,one_day,sg-singapore,104
2187,2020-02-03,one_day,hk-hongkong,53
2188,2020-02-03,one_day,jp-tokyo,93
2189,2020-02-03,one_day,kr-seoul,97
2190,2020-02-03,one_day,sg-singapore,103
2191,2020-02-02,one_day,hk-hongkong,50
2192,2020-02-02,one_day,jp-tokyo,86
2193,2020-02-01,one_day,hk-hongkong,47
2194,2020-02-01,one_day,jp-tokyo,91
2195,2020-01-31,one_day,hk-hongkong,48
2196,2020-01-31,one_day,jp-tokyo,87
2197,2020-01-30,one_day,hk-hongkong,50
2198,2020-01-30,one_day,jp-tokyo,89
2199,2020-01-29,one_day,hk-hongkong,53
2200,2020-01-29,one_day,jp-tokyo,92
2201,2020-01-28,one_day,hk-hongkong,62
2202,2020-01-28,one_day,jp-tokyo,93
2203,2020-01-27,one_day,hk-hongkong,72
2204,2020-01-27,one_day,jp-tokyo,98
2205,2020-01-26,one_day,hk-hongkong,61
2206,2020-01-25,one_day,hk-hongkong,49
2207,2020-01-24,one_day,hk-hongkong,73
2208,2020-01-23,one_day,hk-hongkong,93
2209,2020-01-22,one_day,hk-hongkong,103
2210,2020-01-21,one_day,hk-hongkong,104
2211,2020-01-20,one_day,hk-hongkong,107
